exchange_timestamp,atm_iv,skew_25d,term_structure_slope,call_mid,put_mid,spot_mid,strike,rate,yield_q,tau_years,iv_rv_zscore,vol_surface_quality_flag
1000000,0.5693,0.0116,0.0071,1710.55,1639.28,71273.08,71300,0.05,0.0,0.0799,-0.0532,1
1001000,0.5206,0.0114,0.0072,1735.58,1663.26,72315.64,72300,0.05,0.0,0.0799,-0.0734,1
1002000,0.447,0.0112,0.0073,1757.66,1684.42,73235.74,73200,0.05,0.0,0.0799,-0.0934,1
1003000,0.4033,0.0111,0.0074,1777.44,1703.38,74060.02,74100,0.05,0.0,0.0799,-0.1131,1
1004000,0.5199,0.011,0.0075,1794.6,1719.83,74775.08,74800,0.05,0.0,0.0799,-0.1324,1
1005000,0.4734,0.011,0.0077,1809.04,1733.66,75376.54,75400,0.05,0.0,0.0799,-0.1512,1
1006000,0.4912,0.011,0.0078,1820.72,1744.85,75863.21,75900,0.05,0.0,0.0799,-0.1695,1
1007000,0.5669,0.0111,0.0079,1829.31,1753.09,76221.45,76200,0.05,0.0,0.0799,-0.1872,1
1008000,0.5186,0.0112,0.0081,1829.31,1753.08,76221.04,76200,0.05,0.0,0.0799,-0.2042,1
1009000,0.5411,0.0113,0.0083,1829.24,1753.02,76218.28,76200,0.05,0.0,0.0799,-0.2206,1
1010000,0.4849,0.0115,0.0084,1829.28,1753.06,76219.96,76200,0.05,0.0,0.0799,-0.2362,1
1011000,0.5085,0.0117,0.0086,1829.29,1753.07,76220.6,76200,0.05,0.0,0.0799,-0.251,1
1012000,0.5077,0.0119,0.0088,1829.28,1753.06,76219.86,76200,0.05,0.0,0.0799,-0.2649,1
1013000,0.4554,0.0122,0.009,1829.25,1753.04,76218.94,76200,0.05,0.0,0.0799,-0.2779,1
1014000,0.5802,0.0125,0.0092,1869.81,1791.9,77908.64,77900,0.05,0.0,0.0799,-0.2899,1
1015000,0.4848,0.0129,0.0093,1896.6,1817.58,79025.02,79000,0.05,0.0,0.0799,-0.3009,1
1016000,0.5322,0.0133,0.0095,1920.75,1840.72,80031.44,80000,0.05,0.0,0.0799,-0.3109,1
1017000,0.4965,0.0137,0.0097,1942.07,1861.16,80919.79,80900,0.05,0.0,0.0799,-0.3198,1
1018000,0.4757,0.0141,0.0099,1960.86,1879.16,81702.66,81700,0.05,0.0,0.0799,-0.3276,1
1019000,0.4652,0.0146,0.01,1976.75,1894.38,82364.54,82400,0.05,0.0,0.0799,-0.3343,1
1020000,0.4339,0.015,0.0102,1989.36,1906.47,82889.91,82900,0.05,0.0,0.0799,-0.3398,1
1021000,0.4424,0.0155,0.0103,1999.11,1915.81,83296.21,83300,0.05,0.0,0.0799,-0.3442,1
1022000,0.4726,0.016,0.0104,1999.12,1915.82,83296.65,83300,0.05,0.0,0.0799,-0.3473,1
1023000,0.4472,0.0166,0.0106,1999.09,1915.79,83295.33,83300,0.05,0.0,0.0799,-0.3493,1
1024000,0.4824,0.0171,0.0107,1999.13,1915.83,83297.06,83300,0.05,0.0,0.0799,-0.35,1
1025000,0.4857,0.0176,0.0108,1999.1,1915.8,83295.8,83300,0.05,0.0,0.0799,-0.3495,1
1026000,0.626,0.0182,0.0108,1999.09,1915.8,83295.62,83300,0.05,0.0,0.0799,-0.3478,1
1027000,0.452,0.0187,0.0109,1999.1,1915.81,83295.97,83300,0.05,0.0,0.0799,-0.345,1
1028000,0.4388,0.0192,0.011,2043.51,1958.36,85146.23,85100,0.05,0.0,0.0799,-0.3409,1
1029000,0.5918,0.0198,0.011,2072.96,1986.58,86373.13,86400,0.05,0.0,0.0799,-0.3356,1
1030000,0.4044,0.0203,0.011,2099.46,2011.99,87477.71,87500,0.05,0.0,0.0799,-0.3292,1
1031000,0.5281,0.0208,0.011,2122.9,2034.44,88453.99,88500,0.05,0.0,0.0799,-0.3217,1
1032000,0.4232,0.0213,0.011,2143.36,2054.05,89306.48,89300,0.05,0.0,0.0799,-0.313,1
1033000,0.434,0.0217,0.0109,2160.36,2070.34,90014.81,90000,0.05,0.0,0.0799,-0.3032,1
1034000,0.5176,0.0222,0.0109,2174.26,2083.67,90594.16,90600,0.05,0.0,0.0799,-0.2924,1
1035000,0.4761,0.0226,0.0108,2184.93,2093.89,91038.54,91000,0.05,0.0,0.0799,-0.2806,1
1036000,0.3939,0.023,0.0107,2184.88,2093.84,91036.72,91000,0.05,0.0,0.0799,-0.2678,1
1037000,0.3913,0.0234,0.0107,2184.9,2093.86,91037.45,91000,0.05,0.0,0.0799,-0.2541,1
1038000,0.4636,0.0237,0.0105,2184.89,2093.85,91037.14,91000,0.05,0.0,0.0799,-0.2395,1
1039000,0.4019,0.024,0.0104,2184.85,2093.82,91035.59,91000,0.05,0.0,0.0799,-0.2241,1
1040000,0.4688,0.0242,0.0103,2184.85,2093.82,91035.46,91000,0.05,0.0,0.0799,-0.2079,1
1041000,0.4716,0.0245,0.0101,2184.89,2093.85,91036.91,91000,0.05,0.0,0.0799,-0.191,1
1042000,0.4628,0.0247,0.01,2232.98,2139.94,93040.73,93000,0.05,0.0,0.0799,-0.1734,1
1043000,0.4535,0.0248,0.0098,2264.89,2170.52,94370.55,94400,0.05,0.0,0.0799,-0.1553,1
1044000,0.4718,0.0249,0.0097,2293.98,2198.39,95582.36,95600,0.05,0.0,0.0799,-0.1366,1
1045000,0.4015,0.025,0.0095,2319.19,2222.55,96632.82,96600,0.05,0.0,0.0799,-0.1174,1
1046000,0.4387,0.025,0.0093,2341.73,2244.16,97572.13,97600,0.05,0.0,0.0799,-0.0978,1
1047000,0.5394,0.025,0.0091,2360.13,2261.79,98338.88,98300,0.05,0.0,0.0799,-0.0779,1
1048000,0.4491,0.0249,0.0089,2375.23,2276.26,98967.97,99000,0.05,0.0,0.0799,-0.0577,1
1049000,0.4136,0.0248,0.0088,2386.73,2287.28,99446.97,99400,0.05,0.0,0.0799,-0.0373,1
1050000,0.5241,0.0247,0.0086,2386.7,2287.26,99445.88,99400,0.05,0.0,0.0799,-0.0168,1
1051000,0.4649,0.0245,0.0084,2386.74,2287.29,99447.38,99400,0.05,0.0,0.0799,0.0038,1
1052000,0.3855,0.0243,0.0082,2386.76,2287.31,99448.24,99400,0.05,0.0,0.0799,0.0244,1
1053000,0.3955,0.024,0.0081,2386.8,2287.35,99450.14,99500,0.05,0.0,0.0799,0.0449,1
1054000,0.3625,0.0237,0.0079,2386.81,2287.36,99450.56,99500,0.05,0.0,0.0799,0.0652,1
1055000,0.4535,0.0234,0.0078,2386.74,2287.29,99447.52,99400,0.05,0.0,0.0799,0.0853,1
1056000,0.4065,0.0231,0.0076,2438.96,2337.34,101623.3,101600,0.05,0.0,0.0799,0.1051,1
1057000,0.5764,0.0227,0.0075,2474.21,2371.12,103092.17,103100,0.05,0.0,0.0799,0.1246,1
1058000,0.4544,0.0223,0.0074,2506.23,2401.8,104426.07,104400,0.05,0.0,0.0799,0.1436,1
1059000,0.4909,0.0218,0.0073,2534.3,2428.7,105595.74,105600,0.05,0.0,0.0799,0.1621,1
1060000,0.4384,0.0214,0.0072,2558.91,2452.29,106621.3,106600,0.05,0.0,0.0799,0.1801,1
1061000,0.4704,0.0209,0.0071,2579.39,2471.92,107474.64,107500,0.05,0.0,0.0799,0.1974,1
1062000,0.4538,0.0204,0.0071,2596.04,2487.87,108168.43,108200,0.05,0.0,0.0799,0.214,1
1063000,0.5249,0.0199,0.007,2608.47,2499.79,108686.34,108700,0.05,0.0,0.0799,0.2299,1
1064000,0.4871,0.0193,0.007,2608.52,2499.83,108688.31,108700,0.05,0.0,0.0799,0.2451,1
1065000,0.4511,0.0188,0.007,2608.59,2499.9,108691.11,108700,0.05,0.0,0.0799,0.2593,1
1066000,0.4957,0.0183,0.007,2608.65,2499.96,108693.76,108700,0.05,0.0,0.0799,0.2727,1
1067000,0.4204,0.0177,0.007,2608.78,2500.08,108699.09,108700,0.05,0.0,0.0799,0.2851,1
1068000,0.4956,0.0172,0.0071,2608.75,2500.05,108697.97,108700,0.05,0.0,0.0799,0.2966,1
1069000,0.5671,0.0167,0.0071,2608.77,2500.07,108698.62,108700,0.05,0.0,0.0799,0.307,1
1070000,0.5766,0.0161,0.0072,2665.9,2554.82,111079.09,111100,0.05,0.0,0.0799,0.3163,1
1071000,0.552,0.0156,0.0073,2704.6,2591.91,112691.54,112700,0.05,0.0,0.0799,0.3246,1
1072000,0.568,0.0151,0.0074,2738.96,2624.83,114123.16,114100,0.05,0.0,0.0799,0.3317,1
1073000,0.5159,0.0147,0.0075,2769.97,2654.55,115415.37,115400,0.05,0.0,0.0799,0.3377,1
1074000,0.5012,0.0142,0.0076,2796.62,2680.09,116525.72,116500,0.05,0.0,0.0799,0.3425,1
1075000,0.5219,0.0138,0.0078,2818.97,2701.51,117457.0,117500,0.05,0.0,0.0799,0.3462,1
1076000,0.4568,0.0133,0.0079,2837.02,2718.81,118209.09,118200,0.05,0.0,0.0799,0.3486,1
1077000,0.4629,0.0129,0.0081,2850.34,2731.57,118764.1,118800,0.05,0.0,0.0799,0.3498,1
1078000,0.4972,0.0126,0.0082,2850.35,2731.58,118764.5,118800,0.05,0.0,0.0799,0.3499,1
1079000,0.5225,0.0123,0.0084,2850.36,2731.59,118764.88,118800,0.05,0.0,0.0799,0.3487,1
1080000,0.5673,0.012,0.0086,2850.33,2731.57,118763.76,118800,0.05,0.0,0.0799,0.3463,1
1081000,0.4831,0.0117,0.0088,2850.32,2731.56,118763.29,118800,0.05,0.0,0.0799,0.3427,1
1082000,0.4211,0.0115,0.009,2850.34,2731.58,118764.15,118800,0.05,0.0,0.0799,0.3379,1
1083000,0.5489,0.0113,0.0091,2850.31,2731.54,118762.74,118800,0.05,0.0,0.0799,0.332,1
1084000,0.6099,0.0112,0.0093,2912.27,2790.93,121344.57,121300,0.05,0.0,0.0799,0.3249,1
1085000,0.5257,0.0111,0.0095,2954.65,2831.54,123110.27,123100,0.05,0.0,0.0799,0.3166,1
1086000,0.5752,0.011,0.0097,2992.55,2867.86,124689.67,124700,0.05,0.0,0.0799,0.3073,1
1087000,0.5463,0.011,0.0098,3025.93,2899.85,126080.37,126100,0.05,0.0,0.0799,0.297,1
1088000,0.4861,0.011,0.01,3054.77,2927.49,127282.28,127300,0.05,0.0,0.0799,0.2855,1
1089000,0.5231,0.0111,0.0102,3078.97,2950.68,128290.37,128300,0.05,0.0,0.0799,0.2732,1
1090000,0.4994,0.0112,0.0103,3099.03,2969.9,129126.28,129100,0.05,0.0,0.0799,0.2598,1
1091000,0.4588,0.0113,0.0104,3113.51,2983.78,129729.67,129700,0.05,0.0,0.0799,0.2456,1
1092000,0.5903,0.0115,0.0106,3113.53,2983.8,129730.44,129700,0.05,0.0,0.0799,0.2305,1
1093000,0.4895,0.0117,0.0107,3113.55,2983.82,129731.21,129700,0.05,0.0,0.0799,0.2146,1
1094000,0.4955,0.012,0.0108,3113.58,2983.85,129732.7,129700,0.05,0.0,0.0799,0.198,1
1095000,0.4625,0.0123,0.0108,3113.57,2983.84,129731.96,129700,0.05,0.0,0.0798,0.1807,1
1096000,0.3906,0.0126,0.0109,3113.63,2983.9,129734.7,129700,0.05,0.0,0.0798,0.1627,1
1097000,0.4831,0.013,0.0109,3113.67,2983.93,129736.26,129700,0.05,0.0,0.0798,0.1442,1
1098000,0.633,0.0134,0.011,3181.98,3049.4,132582.47,132600,0.05,0.0,0.0798,0.1252,1
1099000,0.5071,0.0138,0.011,3227.57,3093.09,134482.19,134500,0.05,0.0,0.0798,0.1058,1
1100000,0.5371,0.0142,0.011,3268.84,3132.64,136201.81,136200,0.05,0.0,0.0798,0.086,1
1101000,0.4283,0.0147,0.011,3305.31,3167.59,137721.25,137700,0.05,0.0,0.0798,0.0659,1
1102000,0.5553,0.0152,0.0109,3336.75,3197.72,139031.45,139000,0.05,0.0,0.0798,0.0456,1
1103000,0.5164,0.0157,0.0109,3363.47,3223.33,140144.74,140100,0.05,0.0,0.0798,0.0251,1
1104000,0.4648,0.0162,0.0108,3384.91,3243.87,141038.0,141000,0.05,0.0,0.0798,0.0046,1
1105000,0.4875,0.0167,0.0108,3401.73,3259.99,141738.65,141700,0.05,0.0,0.0798,-0.016,1
1106000,0.5476,0.0173,0.0107,3401.7,3259.97,141737.7,141700,0.05,0.0,0.0798,-0.0366,1
1107000,0.4738,0.0178,0.0106,3401.67,3259.93,141736.17,141700,0.05,0.0,0.0798,-0.057,1
1108000,0.5027,0.0183,0.0104,3401.67,3259.93,141736.19,141700,0.05,0.0,0.0798,-0.0772,1
1109000,0.5988,0.0189,0.0103,3401.68,3259.95,141736.74,141700,0.05,0.0,0.0798,-0.0971,1
1110000,0.3996,0.0194,0.0102,3401.7,3259.96,141737.46,141700,0.05,0.0,0.0798,-0.1167,1
1111000,0.5101,0.0199,0.01,3401.72,3259.98,141738.15,141700,0.05,0.0,0.0798,-0.1359,1
1112000,0.5752,0.0204,0.0098,3476.58,3331.72,144857.31,144900,0.05,0.0,0.0798,-0.1546,1
1113000,0.5453,0.0209,0.0097,3526.63,3379.69,146942.84,146900,0.05,0.0,0.0798,-0.1728,1
1114000,0.5066,0.0214,0.0095,3571.99,3423.15,148832.72,148800,0.05,0.0,0.0798,-0.1904,1
1115000,0.6504,0.0219,0.0093,3611.65,3461.17,150485.54,150500,0.05,0.0,0.0798,-0.2073,1
1116000,0.5199,0.0223,0.0091,3646.07,3494.15,151919.43,151900,0.05,0.0,0.0798,-0.2236,1
1117000,0.5216,0.0227,0.009,3674.69,3521.58,153112.06,153100,0.05,0.0,0.0798,-0.239,1
1118000,0.4972,0.0231,0.0088,3697.86,3543.79,154077.69,154100,0.05,0.0,0.0798,-0.2536,1
1119000,0.539,0.0235,0.0086,3716.0,3561.17,154833.37,154800,0.05,0.0,0.0798,-0.2674,1
1120000,0.4386,0.0238,0.0084,3716.03,3561.2,154834.69,154800,0.05,0.0,0.0798,-0.2802,1
1121000,0.4649,0.0241,0.0083,3716.13,3561.3,154838.95,154800,0.05,0.0,0.0798,-0.292,1
1122000,0.5647,0.0243,0.0081,3716.22,3561.38,154842.5,154800,0.05,0.0,0.0798,-0.3029,1
1123000,0.4802,0.0245,0.0079,3716.25,3561.41,154843.84,154800,0.05,0.0,0.0798,-0.3127,1
1124000,0.4973,0.0247,0.0078,3716.26,3561.42,154844.2,154800,0.05,0.0,0.0798,-0.3214,1
1125000,0.5069,0.0248,0.0076,3716.26,3561.42,154844.26,154800,0.05,0.0,0.0798,-0.329,1
1126000,0.6221,0.0249,0.0075,3796.88,3638.68,158203.49,158200,0.05,0.0,0.0798,-0.3354,1
1127000,0.5311,0.025,0.0074,3851.53,3691.05,160480.33,160500,0.05,0.0,0.0798,-0.3407,1
1128000,0.5502,0.025,0.0073,3900.61,3738.09,162525.49,162500,0.05,0.0,0.0798,-0.3448,1
1129000,0.4135,0.025,0.0072,3943.95,3779.62,164331.25,164300,0.05,0.0,0.0798,-0.3478,1
1130000,0.5371,0.0249,0.0071,3981.97,3816.06,165915.52,165900,0.05,0.0,0.0798,-0.3495,1
1131000,0.4607,0.0248,0.0071,4013.75,3846.51,167239.53,167200,0.05,0.0,0.0798,-0.35,1
1132000,0.445,0.0246,0.007,4039.47,3871.16,168311.35,168300,0.05,0.0,0.0798,-0.3493,1
1133000,0.4754,0.0244,0.007,4058.45,3889.35,169101.96,169100,0.05,0.0,0.0798,-0.3474,1
1134000,0.491,0.0242,0.007,4058.5,3889.39,169104.1,169100,0.05,0.0,0.0798,-0.3443,1
1135000,0.5933,0.0239,0.007,4058.47,3889.37,169102.96,169100,0.05,0.0,0.0798,-0.34,1
1136000,0.5184,0.0236,0.007,4058.49,3889.39,169103.86,169100,0.05,0.0,0.0798,-0.3345,1
1137000,0.4741,0.0233,0.0071,4058.47,3889.37,169102.92,169100,0.05,0.0,0.0798,-0.3279,1
1138000,0.5421,0.0229,0.0071,4058.34,3889.24,169097.37,169100,0.05,0.0,0.0798,-0.3201,1
1139000,0.4879,0.0226,0.0072,4058.36,3889.27,169098.51,169100,0.05,0.0,0.0798,-0.3113,1
1140000,0.5805,0.0221,0.0073,4147.56,3974.75,172815.2,172800,0.05,0.0,0.0798,-0.3013,1
1141000,0.5,0.0217,0.0074,4206.64,4031.37,175276.87,175300,0.05,0.0,0.0798,-0.2903,1
1142000,0.5854,0.0212,0.0075,4260.01,4082.51,177500.49,177500,0.05,0.0,0.0798,-0.2783,1
1143000,0.3856,0.0207,0.0076,4308.1,4128.59,179504.04,179500,0.05,0.0,0.0798,-0.2654,1
1144000,0.4757,0.0202,0.0078,4348.8,4167.6,181200.11,181200,0.05,0.0,0.0798,-0.2515,1
1145000,0.419,0.0197,0.0079,4383.39,4200.75,182641.15,182600,0.05,0.0,0.0798,-0.2367,1
1146000,0.4894,0.0192,0.0081,4412.29,4228.45,183845.57,183800,0.05,0.0,0.0798,-0.2212,1
1147000,0.441,0.0186,0.0082,4433.68,4248.95,184736.76,184700,0.05,0.0,0.0798,-0.2048,1
1148000,0.4517,0.0181,0.0084,4433.73,4248.99,184738.76,184700,0.05,0.0,0.0798,-0.1878,1
1149000,0.4929,0.0176,0.0086,4433.71,4248.97,184737.98,184700,0.05,0.0,0.0798,-0.1701,1
1150000,0.5339,0.017,0.0088,4433.6,4248.87,184733.46,184700,0.05,0.0,0.0798,-0.1518,1
1151000,0.5163,0.0165,0.0089,4433.62,4248.88,184733.97,184700,0.05,0.0,0.0798,-0.133,1
1152000,0.4137,0.016,0.0091,4433.54,4248.81,184730.99,184700,0.05,0.0,0.0798,-0.1138,1
1153000,0.4631,0.0155,0.0093,4433.47,4248.74,184727.77,184700,0.05,0.0,0.0798,-0.0941,1
1154000,0.4815,0.015,0.0095,4531.05,4342.25,188793.61,188800,0.05,0.0,0.0798,-0.0741,1
1155000,0.424,0.0145,0.0097,4595.83,4404.34,191493.09,191500,0.05,0.0,0.0798,-0.0539,1
1156000,0.4386,0.014,0.0098,4654.64,4460.7,193943.27,193900,0.05,0.0,0.0798,-0.0335,1
1157000,0.5079,0.0136,0.01,4706.45,4510.35,196102.14,196100,0.05,0.0,0.0798,-0.0129,1
1158000,0.4937,0.0132,0.0101,4751.59,4553.61,197983.11,198000,0.05,0.0,0.0798,0.0077,1
1159000,0.4484,0.0128,0.0103,4789.35,4589.8,199556.41,199600,0.05,0.0,0.0798,0.0282,1
1160000,0.3619,0.0125,0.0104,4819.98,4619.15,200832.47,200800,0.05,0.0,0.0798,0.0487,1
1161000,0.4332,0.0122,0.0105,4843.8,4641.98,201825.15,201800,0.05,0.0,0.0798,0.069,1
1162000,0.4065,0.0119,0.0106,4843.86,4642.03,201827.41,201800,0.05,0.0,0.0798,0.089,1
1163000,0.4023,0.0116,0.0107,4843.85,4642.02,201826.91,201800,0.05,0.0,0.0798,0.1088,1
1164000,0.4564,0.0114,0.0108,4843.94,4642.11,201830.65,201800,0.05,0.0,0.0798,0.1281,1
1165000,0.5046,0.0113,0.0109,4843.96,4642.13,201831.76,201800,0.05,0.0,0.0798,0.1471,1
1166000,0.4791,0.0111,0.0109,4844.05,4642.21,201835.26,201800,0.05,0.0,0.0798,0.1655,1
1167000,0.4145,0.0111,0.011,4843.94,4642.11,201830.96,201800,0.05,0.0,0.0798,0.1833,1
1168000,0.5337,0.011,0.011,4949.78,4743.54,206240.85,206200,0.05,0.0,0.0798,0.2005,1
1169000,0.4215,0.011,0.011,5021.14,4811.93,209214.24,209200,0.05,0.0,0.0798,0.217,1
1170000,0.4,0.011,0.011,5085.32,4873.43,211888.23,211900,0.05,0.0,0.0798,0.2328,1
1171000,0.3759,0.0111,0.011,5142.25,4927.99,214260.25,214300,0.05,0.0,0.0798,0.2478,1
1172000,0.4685,0.0112,0.0109,5191.88,4975.56,216328.48,216300,0.05,0.0,0.0798,0.2619,1
1173000,0.4908,0.0114,0.0108,5234.41,5016.31,218100.38,218100,0.05,0.0,0.0798,0.2751,1
1174000,0.4906,0.0116,0.0108,5267.69,5048.2,219487.0,219500,0.05,0.0,0.0798,0.2873,1
1175000,0.4115,0.0118,0.0107,5292.24,5071.73,220509.86,220500,0.05,0.0,0.0798,0.2986,1
1176000,0.3588,0.0121,0.0106,5292.26,5071.75,220510.96,220500,0.05,0.0,0.0798,0.3088,1
1177000,0.4111,0.0124,0.0104,5292.26,5071.75,220510.84,220500,0.05,0.0,0.0798,0.318,1
1178000,0.4095,0.0127,0.0103,5292.27,5071.76,220511.18,220500,0.05,0.0,0.0798,0.326,1
1179000,0.4598,0.0131,0.0102,5292.3,5071.79,220512.58,220500,0.05,0.0,0.0798,0.3329,1
1180000,0.4602,0.0135,0.01,5292.41,5071.9,220517.21,220500,0.05,0.0,0.0798,0.3387,1
1181000,0.4497,0.0139,0.0099,5292.35,5071.84,220514.67,220500,0.05,0.0,0.0798,0.3433,1
1182000,0.5339,0.0144,0.0097,5407.72,5182.4,225321.53,225300,0.05,0.0,0.0798,0.3467,1
1183000,0.6096,0.0149,0.0095,5485.91,5257.33,228579.45,228600,0.05,0.0,0.0798,0.3489,1
1184000,0.4692,0.0154,0.0093,5555.79,5324.29,231491.05,231500,0.05,0.0,0.0798,0.3499,1
1185000,0.4735,0.0159,0.0092,5617.69,5383.62,234070.42,234100,0.05,0.0,0.0798,0.3497,1
1186000,0.4622,0.0164,0.009,5671.83,5435.51,236326.43,236300,0.05,0.0,0.0798,0.3483,1
1187000,0.4375,0.0169,0.0088,5717.83,5479.58,238242.72,238200,0.05,0.0,0.0798,0.3457,1
1188000,0.49,0.0174,0.0086,5754.98,5515.19,239790.97,239800,0.05,0.0,0.0798,0.3419,1
1189000,0.4521,0.018,0.0084,5782.6,5541.66,240941.68,240900,0.05,0.0,0.0798,0.3369,1
1190000,0.43,0.0185,0.0083,5782.81,5541.86,240950.45,241000,0.05,0.0,0.0798,0.3307,1
1191000,0.4334,0.019,0.0081,5782.84,5541.89,240951.52,241000,0.05,0.0,0.0798,0.3234,1
1192000,0.5074,0.0196,0.0079,5782.99,5542.03,240957.98,241000,0.05,0.0,0.0798,0.315,1
1193000,0.4908,0.0201,0.0078,5782.93,5541.98,240955.52,241000,0.05,0.0,0.0798,0.3055,1
1194000,0.4447,0.0206,0.0077,5782.95,5542.0,240956.46,241000,0.05,0.0,0.0798,0.2949,1
1195000,0.4857,0.0211,0.0075,5783.02,5542.06,240959.2,241000,0.05,0.0,0.0797,0.2833,1
1196000,0.5204,0.0216,0.0074,5910.43,5664.17,246268.09,246300,0.05,0.0,0.0797,0.2707,1
1197000,0.5147,0.022,0.0073,5995.8,5745.97,249824.97,249800,0.05,0.0,0.0797,0.2572,1
1198000,0.4576,0.0224,0.0072,6072.58,5819.56,253024.21,253000,0.05,0.0,0.0797,0.2428,1
1199000,0.4211,0.0229,0.0071,6141.62,5885.72,255900.93,255900,0.05,0.0,0.0797,0.2276,1
1200000,0.4539,0.0232,0.0071,6200.84,5942.48,258368.53,258400,0.05,0.0,0.0797,0.2116,1
1201000,0.4275,0.0236,0.007,6251.54,5991.06,260480.94,260500,0.05,0.0,0.0797,0.1948,1
1202000,0.4244,0.0239,0.007,6291.09,6028.96,262128.86,262100,0.05,0.0,0.0797,0.1774,1
1203000,0.4061,0.0242,0.007,6321.49,6058.1,263395.56,263400,0.05,0.0,0.0797,0.1593,1
1204000,0.3708,0.0244,0.007,6321.45,6058.05,263393.67,263400,0.05,0.0,0.0797,0.1407,1
1205000,0.4448,0.0246,0.007,6321.47,6058.08,263394.62,263400,0.05,0.0,0.0797,0.1217,1
1206000,0.5159,0.0248,0.0071,6321.33,6057.94,263388.74,263400,0.05,0.0,0.0797,0.1022,1
1207000,0.5026,0.0249,0.0071,6321.21,6057.82,263383.57,263400,0.05,0.0,0.0797,0.0823,1
1208000,0.5385,0.025,0.0072,6321.14,6057.76,263380.8,263400,0.05,0.0,0.0797,0.0622,1
1209000,0.4207,0.025,0.0073,6321.21,6057.83,263383.76,263400,0.05,0.0,0.0797,0.0418,1
1210000,0.5469,0.025,0.0074,6459.41,6190.27,269141.98,269100,0.05,0.0,0.0797,0.0213,1
1211000,0.4936,0.025,0.0075,6552.25,6279.24,273010.56,273000,0.05,0.0,0.0797,0.0007,1
1212000,0.4531,0.0249,0.0076,6636.96,6360.42,276539.83,276500,0.05,0.0,0.0797,-0.0198,1
1213000,0.5154,0.0247,0.0077,6711.35,6431.71,279639.6,279600,0.05,0.0,0.0797,-0.0404,1
1214000,0.4689,0.0246,0.0079,6776.32,6493.98,282346.76,282300,0.05,0.0,0.0797,-0.0607,1
1215000,0.4015,0.0244,0.008,6830.34,6545.74,284597.38,284600,0.05,0.0,0.0797,-0.0809,1
1216000,0.4976,0.0241,0.0082,6873.33,6586.94,286388.74,286400,0.05,0.0,0.0797,-0.1008,1
1217000,0.4901,0.0239,0.0084,6906.23,6618.47,287759.46,287800,0.05,0.0,0.0797,-0.1203,1
1218000,0.4367,0.0235,0.0086,6906.33,6618.57,287763.95,287800,0.05,0.0,0.0797,-0.1394,1
1219000,0.502,0.0232,0.0087,6906.31,6618.55,287762.93,287800,0.05,0.0,0.0797,-0.158,1
1220000,0.5611,0.0228,0.0089,6906.24,6618.48,287759.89,287800,0.05,0.0,0.0797,-0.1761,1
1221000,0.5129,0.0224,0.0091,6906.33,6618.57,287763.81,287800,0.05,0.0,0.0797,-0.1936,1
1222000,0.4354,0.022,0.0093,6906.52,6618.75,287771.55,287800,0.05,0.0,0.0797,-0.2104,1
1223000,0.5222,0.0215,0.0095,6906.52,6618.74,287771.52,287800,0.05,0.0,0.0797,-0.2265,1
1224000,0.576,0.0211,0.0096,7057.51,6763.45,294063.02,294100,0.05,0.0,0.0797,-0.2418,1
1225000,0.5782,0.0206,0.0098,7158.36,6860.09,298264.98,298300,0.05,0.0,0.0797,-0.2562,1
1226000,0.5438,0.0201,0.01,7250.74,6948.63,302114.33,302100,0.05,0.0,0.0797,-0.2698,1
1227000,0.4724,0.0195,0.0101,7330.61,7025.17,305442.03,305400,0.05,0.0,0.0797,-0.2825,1
1228000,0.519,0.019,0.0103,7401.4,7093.01,308391.52,308400,0.05,0.0,0.0797,-0.2941,1
1229000,0.576,0.0185,0.0104,7458.61,7147.84,310775.57,310800,0.05,0.0,0.0797,-0.3048,1
1230000,0.485,0.0179,0.0105,7506.45,7193.68,312768.79,312800,0.05,0.0,0.0797,-0.3144,1
1231000,0.493,0.0174,0.0106,7543.23,7228.93,314301.19,314300,0.05,0.0,0.0797,-0.3229,1
1232000,0.5411,0.0169,0.0107,7543.15,7228.85,314297.95,314300,0.05,0.0,0.0797,-0.3302,1
1233000,0.5993,0.0163,0.0108,7543.35,7229.05,314306.35,314300,0.05,0.0,0.0797,-0.3365,1
1234000,0.5481,0.0158,0.0109,7543.39,7229.08,314308.04,314300,0.05,0.0,0.0797,-0.3416,1
1235000,0.4716,0.0153,0.0109,7543.48,7229.17,314311.77,314300,0.05,0.0,0.0797,-0.3455,1
1236000,0.4958,0.0148,0.011,7543.56,7229.24,314314.81,314300,0.05,0.0,0.0797,-0.3482,1
1237000,0.5191,0.0144,0.011,7543.59,7229.28,314316.31,314300,0.05,0.0,0.0797,-0.3497,1
1238000,0.589,0.0139,0.011,7710.12,7388.86,321254.9,321300,0.05,0.0,0.0797,-0.35,1
1239000,0.5738,0.0135,0.011,7818.77,7492.99,325782.25,325800,0.05,0.0,0.0797,-0.349,1
1240000,0.5677,0.0131,0.011,7919.36,7589.38,329973.18,330000,0.05,0.0,0.0797,-0.3469,1
1241000,0.6033,0.0127,0.0109,8007.97,7674.31,333665.5,333700,0.05,0.0,0.0797,-0.3436,1
1242000,0.5486,0.0124,0.0109,8085.1,7748.22,336879.08,336900,0.05,0.0,0.0797,-0.3391,1
1243000,0.5445,0.0121,0.0108,8150.62,7811.01,339609.29,339600,0.05,0.0,0.0797,-0.3334,1
1244000,0.4175,0.0118,0.0107,8202.06,7860.3,341752.3,341800,0.05,0.0,0.0797,-0.3265,1
1245000,0.5604,0.0116,0.0106,8241.03,7897.66,343376.4,343400,0.05,0.0,0.0797,-0.3186,1
1246000,0.561,0.0114,0.0105,8240.99,7897.62,343374.58,343400,0.05,0.0,0.0797,-0.3095,1
1247000,0.5814,0.0112,0.0103,8241.01,7897.63,343375.35,343400,0.05,0.0,0.0797,-0.2993,1
1248000,0.5429,0.0111,0.0102,8240.97,7897.6,343373.83,343400,0.05,0.0,0.0797,-0.2882,1
1249000,0.5876,0.011,0.01,8241.03,7897.66,343376.43,343400,0.05,0.0,0.0797,-0.276,1
1250000,0.4974,0.011,0.0099,8240.82,7897.46,343367.64,343400,0.05,0.0,0.0797,-0.2628,1
1251000,0.5855,0.011,0.0097,8240.93,7897.56,343372.01,343400,0.05,0.0,0.0797,-0.2488,1
1252000,0.5544,0.0111,0.0095,8422.53,8071.59,350938.56,350900,0.05,0.0,0.0797,-0.2339,1
1253000,0.5862,0.0111,0.0094,8544.45,8188.43,356018.65,356000,0.05,0.0,0.0797,-0.2182,1
1254000,0.5414,0.0113,0.0092,8653.51,8292.95,360562.88,360600,0.05,0.0,0.0797,-0.2017,1
1255000,0.5909,0.0115,0.009,8751.45,8386.81,364643.75,364600,0.05,0.0,0.0797,-0.1846,1
1256000,0.505,0.0117,0.0088,8836.11,8467.94,368171.41,368200,0.05,0.0,0.0797,-0.1668,1
1257000,0.5251,0.0119,0.0086,8906.76,8535.64,371114.79,371100,0.05,0.0,0.0797,-0.1484,1
1258000,0.5055,0.0122,0.0085,8963.66,8590.17,373485.63,373500,0.05,0.0,0.0797,-0.1295,1
1259000,0.5521,0.0125,0.0083,9005.73,8630.49,375238.85,375200,0.05,0.0,0.0797,-0.1101,1
1260000,0.4711,0.0129,0.0081,9005.58,8630.35,375232.44,375200,0.05,0.0,0.0797,-0.0904,1
1261000,0.5768,0.0132,0.008,9005.59,8630.36,375232.99,375200,0.05,0.0,0.0797,-0.0704,1
1262000,0.4538,0.0136,0.0078,9005.53,8630.3,375230.61,375200,0.05,0.0,0.0797,-0.0501,1
1263000,0.5549,0.0141,0.0077,9005.46,8630.23,375227.51,375200,0.05,0.0,0.0797,-0.0297,1
1264000,0.4316,0.0145,0.0075,9005.08,8629.87,375211.68,375200,0.05,0.0,0.0797,-0.0091,1
1265000,0.5021,0.015,0.0074,9005.45,8630.22,375227.05,375200,0.05,0.0,0.0797,0.0115,1
1266000,0.5281,0.0155,0.0073,9202.08,8818.66,383419.8,383400,0.05,0.0,0.0797,0.032,1
1267000,0.5506,0.016,0.0072,9334.65,8945.7,388943.63,388900,0.05,0.0,0.0797,0.0525,1
1268000,0.5124,0.0165,0.0072,9455.85,9061.85,393993.65,394000,0.05,0.0,0.0797,0.0727,1
1269000,0.5127,0.0171,0.0071,9561.24,9162.86,398385.11,398400,0.05,0.0,0.0797,0.0927,1
1270000,0.4311,0.0176,0.007,9652.36,9250.18,402181.79,402200,0.05,0.0,0.0797,0.1124,1
1271000,0.4075,0.0181,0.007,9727.88,9322.55,405328.47,405300,0.05,0.0,0.0797,0.1317,1
1272000,0.4252,0.0187,0.007,9789.27,9381.38,407886.23,407900,0.05,0.0,0.0797,0.1505,1
1273000,0.4244,0.0192,0.007,9836.56,9426.71,409856.86,409900,0.05,0.0,0.0797,0.1688,1
1274000,0.4315,0.0197,0.007,9836.1,9426.26,409837.54,409800,0.05,0.0,0.0797,0.1866,1
1275000,0.4512,0.0203,0.0071,9836.03,9426.2,409834.64,409800,0.05,0.0,0.0797,0.2037,1
1276000,0.4508,0.0208,0.0071,9836.26,9426.41,409843.98,409800,0.05,0.0,0.0797,0.22,1
1277000,0.4775,0.0212,0.0072,9836.39,9426.54,409849.39,409800,0.05,0.0,0.0797,0.2357,1
1278000,0.4406,0.0217,0.0073,9836.38,9426.53,409849.13,409800,0.05,0.0,0.0797,0.2505,1
1279000,0.4435,0.0222,0.0074,9836.37,9426.52,409848.77,409800,0.05,0.0,0.0797,0.2644,1
1280000,0.521,0.0226,0.0075,10053.02,9634.15,418875.9,418900,0.05,0.0,0.0797,0.2774,1
1281000,0.5579,0.023,0.0076,10196.84,9771.97,424868.14,424900,0.05,0.0,0.0797,0.2895,1
1282000,0.4747,0.0233,0.0077,10327.79,9897.47,430324.59,430300,0.05,0.0,0.0797,0.3006,1
1283000,0.4725,0.0237,0.0079,10443.61,10008.46,435150.49,435200,0.05,0.0,0.0797,0.3106,1
1284000,0.4789,0.024,0.008,10542.96,10103.67,439290.18,439300,0.05,0.0,0.0797,0.3195,1
1285000,0.4325,0.0242,0.0082,10626.65,10183.88,442777.22,442800,0.05,0.0,0.0797,0.3274,1
1286000,0.4582,0.0245,0.0084,10692.94,10247.4,445539.14,445500,0.05,0.0,0.0797,0.3341,1
1287000,0.4422,0.0246,0.0085,10744.87,10297.17,447702.99,447700,0.05,0.0,0.0797,0.3396,1
1288000,0.5124,0.0248,0.0087,10745.28,10297.56,447719.92,447700,0.05,0.0,0.0797,0.344,1
1289000,0.5074,0.0249,0.0089,10745.49,10297.76,447728.68,447700,0.05,0.0,0.0797,0.3472,1
1290000,0.4352,0.025,0.0091,10745.79,10298.05,447741.12,447700,0.05,0.0,0.0797,0.3492,1
1291000,0.4494,0.025,0.0093,10745.37,10297.65,447723.92,447700,0.05,0.0,0.0797,0.35,1
1292000,0.4752,0.025,0.0094,10745.46,10297.74,447727.67,447700,0.05,0.0,0.0797,0.3496,1
1293000,0.5266,0.0249,0.0096,10745.51,10297.78,447729.52,447700,0.05,0.0,0.0797,0.3479,1
1294000,0.5558,0.0248,0.0098,10982.53,10524.92,457605.23,457600,0.05,0.0,0.0796,0.3451,1
1295000,0.4512,0.0247,0.0099,11139.64,10675.49,464151.75,464200,0.05,0.0,0.0796,0.341,1
1296000,0.4857,0.0245,0.0101,11284.03,10813.86,470167.81,470200,0.05,0.0,0.0796,0.3358,1
1297000,0.4338,0.0243,0.0102,11409.71,10934.3,475404.39,475400,0.05,0.0,0.0796,0.3295,1
1298000,0.4284,0.024,0.0104,11518.5,11038.56,479937.41,479900,0.05,0.0,0.0796,0.3219,1
1299000,0.3912,0.0238,0.0105,11609.17,11125.45,483715.33,483700,0.05,0.0,0.0796,0.3133,1
1300000,0.4305,0.0234,0.0106,11683.24,11196.44,486801.67,486800,0.05,0.0,0.0796,0.3036,1
1301000,0.4688,0.0231,0.0107,11740.61,11251.42,489192.22,489200,0.05,0.0,0.0796,0.2928,1
1302000,0.4206,0.0227,0.0108,11740.66,11251.47,489194.16,489200,0.05,0.0,0.0796,0.2811,1
1303000,0.4687,0.0223,0.0109,11740.64,11251.45,489193.28,489200,0.05,0.0,0.0796,0.2683,1
1304000,0.4466,0.0218,0.0109,11740.76,11251.57,489198.53,489200,0.05,0.0,0.0796,0.2546,1
1305000,0.4495,0.0214,0.011,11740.95,11251.75,489206.45,489200,0.05,0.0,0.0796,0.2401,1
1306000,0.4255,0.0209,0.011,11741.09,11251.88,489212.27,489200,0.05,0.0,0.0796,0.2247,1
1307000,0.4579,0.0204,0.011,11740.78,11251.58,489198.97,489200,0.05,0.0,0.0796,0.2085,1
1308000,0.5241,0.0199,0.011,12000.35,11500.34,500014.57,500000,0.05,0.0,0.0796,0.1916,1
1309000,0.4629,0.0194,0.011,12173.66,11666.43,507235.89,507200,0.05,0.0,0.0796,0.1741,1
1310000,0.4838,0.0188,0.0109,12328.5,11814.81,513687.59,513700,0.05,0.0,0.0796,0.1559,1
1311000,0.4142,0.0183,0.0109,12467.11,11947.64,519462.79,519500,0.05,0.0,0.0796,0.1372,1
1312000,0.3981,0.0178,0.0108,12588.17,12063.67,524507.27,524500,0.05,0.0,0.0796,0.1181,1
1313000,0.51,0.0172,0.0107,12688.15,12159.47,528672.72,528700,0.05,0.0,0.0796,0.0985,1
1314000,0.4188,0.0167,0.0106,12770.45,12238.35,532102.14,532100,0.05,0.0,0.0796,0.0786,1
1315000,0.4404,0.0162,0.0105,12832.12,12297.45,534671.53,534700,0.05,0.0,0.0796,0.0584,1
1316000,0.3913,0.0157,0.0103,12831.59,12296.94,534649.51,534600,0.05,0.0,0.0796,0.038,1
1317000,0.4147,0.0152,0.0102,12831.58,12296.93,534649.1,534600,0.05,0.0,0.0796,0.0175,1
1318000,0.481,0.0147,0.0101,12831.63,12296.97,534651.08,534700,0.05,0.0,0.0796,-0.0031,1
1319000,0.3855,0.0142,0.0099,12831.56,12296.92,534648.5,534600,0.05,0.0,0.0796,-0.0237,1
1320000,0.4214,0.0138,0.0097,12831.63,12296.98,534651.11,534700,0.05,0.0,0.0796,-0.0442,1
1321000,0.426,0.0134,0.0096,12831.6,12296.95,534649.85,534600,0.05,0.0,0.0796,-0.0645,1
1322000,0.3953,0.013,0.0094,13118.21,12571.61,546591.94,546600,0.05,0.0,0.0796,-0.0846,1
1323000,0.4811,0.0126,0.0092,13306.6,12752.16,554441.64,554400,0.05,0.0,0.0796,-0.1044,1
1324000,0.5069,0.0123,0.009,13475.88,12914.39,561495.18,561500,0.05,0.0,0.0796,-0.1239,1
1325000,0.4494,0.012,0.0088,13627.91,13060.08,567829.59,567800,0.05,0.0,0.0796,-0.1429,1
1326000,0.4497,0.0117,0.0087,13758.37,13185.1,573265.39,573300,0.05,0.0,0.0796,-0.1614,1
1327000,0.4543,0.0115,0.0085,13868.29,13290.45,577845.5,577800,0.05,0.0,0.0796,-0.1794,1
1328000,0.4723,0.0113,0.0083,13956.79,13375.26,581532.85,581500,0.05,0.0,0.0796,-0.1968,1
1329000,0.4087,0.0112,0.0081,14024.83,13440.46,584368.01,584400,0.05,0.0,0.0796,-0.2135,1
1330000,0.3884,0.0111,0.008,14024.61,13440.25,584358.8,584400,0.05,0.0,0.0796,-0.2294,1
1331000,0.4814,0.011,0.0078,14024.79,13440.43,584366.4,584400,0.05,0.0,0.0796,-0.2445,1
1332000,0.4088,0.011,0.0077,14024.9,13440.53,584370.82,584400,0.05,0.0,0.0796,-0.2588,1
1333000,0.4486,0.011,0.0076,14025.28,13440.89,584386.47,584400,0.05,0.0,0.0796,-0.2722,1
1334000,0.5173,0.0111,0.0074,14025.31,13440.92,584387.94,584400,0.05,0.0,0.0796,-0.2847,1
1335000,0.457,0.0112,0.0073,14025.1,13440.72,584379.29,584400,0.05,0.0,0.0796,-0.2962,1
1336000,0.6669,0.0113,0.0072,14334.03,13736.78,597251.34,597300,0.05,0.0,0.0796,-0.3066,1
1337000,0.5952,0.0115,0.0072,14540.87,13935.0,605869.75,605900,0.05,0.0,0.0796,-0.316,1
1338000,0.5239,0.0117,0.0071,14728.75,14115.05,613697.93,613700,0.05,0.0,0.0796,-0.3243,1
1339000,0.5394,0.012,0.007,14892.26,14271.74,620510.64,620500,0.05,0.0,0.0796,-0.3315,1
1340000,0.5661,0.0123,0.007,15032.99,14406.62,626374.58,626400,0.05,0.0,0.0796,-0.3375,1
1341000,0.3769,0.0126,0.007,15153.55,14522.16,631398.11,631400,0.05,0.0,0.0796,-0.3424,1
1342000,0.5276,0.013,0.007,15250.02,14614.6,635417.55,635400,0.05,0.0,0.0796,-0.3461,1
1343000,0.5323,0.0134,0.007,15322.86,14684.41,638452.5,638500,0.05,0.0,0.0796,-0.3485,1
1344000,0.4431,0.0138,0.0071,15322.66,14684.22,638444.36,638400,0.05,0.0,0.0796,-0.3498,1
1345000,0.5049,0.0142,0.0071,15322.65,14684.2,638443.67,638400,0.05,0.0,0.0796,-0.3499,1
1346000,0.5602,0.0147,0.0072,15322.57,14684.13,638440.34,638400,0.05,0.0,0.0796,-0.3487,1
1347000,0.5204,0.0152,0.0073,15322.37,14683.94,638432.19,638400,0.05,0.0,0.0796,-0.3464,1
1348000,0.4375,0.0157,0.0073,15322.39,14683.96,638432.84,638400,0.05,0.0,0.0796,-0.3428,1
1349000,0.5091,0.0162,0.0075,15322.09,14683.66,638420.21,638400,0.05,0.0,0.0796,-0.3381,1
1350000,0.5896,0.0167,0.0076,15663.72,15011.07,652655.18,652700,0.05,0.0,0.0796,-0.3322,1
1351000,0.4063,0.0172,0.0077,15886.58,15224.64,661940.79,661900,0.05,0.0,0.0796,-0.3251,1
1352000,0.5245,0.0178,0.0079,16091.09,15420.63,670462.16,670500,0.05,0.0,0.0796,-0.317,1
1353000,0.4717,0.0183,0.008,16273.15,15595.1,678047.85,678000,0.05,0.0,0.0796,-0.3077,1
1354000,0.5497,0.0189,0.0082,16429.94,15745.36,684580.86,684600,0.05,0.0,0.0796,-0.2973,1
1355000,0.4926,0.0194,0.0083,16560.64,15870.62,690026.87,690000,0.05,0.0,0.0796,-0.286,1
1356000,0.5361,0.0199,0.0085,16666.67,15972.23,694444.79,694400,0.05,0.0,0.0796,-0.2736,1
1357000,0.5554,0.0204,0.0087,16746.65,16048.87,697777.13,697800,0.05,0.0,0.0796,-0.2603,1
1358000,0.4515,0.0209,0.0089,16746.54,16048.76,697772.29,697800,0.05,0.0,0.0796,-0.2461,1
1359000,0.4836,0.0214,0.0091,16747.03,16049.24,697792.99,697800,0.05,0.0,0.0796,-0.231,1
1360000,0.5072,0.0219,0.0092,16746.89,16049.1,697787.04,697800,0.05,0.0,0.0796,-0.2152,1
1361000,0.4921,0.0223,0.0094,16746.91,16049.12,697787.74,697800,0.05,0.0,0.0796,-0.1986,1
1362000,0.5068,0.0227,0.0096,16746.9,16049.11,697787.56,697800,0.05,0.0,0.0796,-0.1813,1
1363000,0.4015,0.0231,0.0098,16746.95,16049.16,697789.39,697800,0.05,0.0,0.0796,-0.1634,1
1364000,0.5538,0.0234,0.0099,17120.1,16406.77,713337.62,713300,0.05,0.0,0.0796,-0.1449,1
1365000,0.4792,0.0238,0.0101,17367.63,16643.98,723651.1,723700,0.05,0.0,0.0796,-0.1259,1
1366000,0.4916,0.0241,0.0102,17589.11,16856.23,732879.75,732900,0.05,0.0,0.0796,-0.1065,1
1367000,0.476,0.0243,0.0104,17788.7,17047.5,741195.72,741200,0.05,0.0,0.0796,-0.0867,1
1368000,0.4715,0.0245,0.0105,17960.82,17212.45,748367.38,748400,0.05,0.0,0.0796,-0.0666,1
1369000,0.488,0.0247,0.0106,18103.69,17349.37,754320.45,754300,0.05,0.0,0.0796,-0.0463,1
1370000,0.4122,0.0248,0.0107,18221.88,17462.63,759244.94,759200,0.05,0.0,0.0796,-0.0258,1
1371000,0.4078,0.0249,0.0108,18306.95,17544.16,762789.43,762800,0.05,0.0,0.0796,-0.0053,1
1372000,0.46,0.025,0.0109,18306.65,17543.87,762776.99,762800,0.05,0.0,0.0796,0.0153,1
1373000,0.4655,0.025,0.0109,18306.2,17543.45,762758.51,762800,0.05,0.0,0.0796,0.0358,1
1374000,0.4548,0.025,0.011,18305.65,17542.92,762735.46,762700,0.05,0.0,0.0796,0.0562,1
1375000,0.5206,0.0249,0.011,18305.98,17543.23,762749.2,762700,0.05,0.0,0.0796,0.0764,1
1376000,0.4591,0.0248,0.011,18306.03,17543.28,762751.34,762800,0.05,0.0,0.0796,0.0964,1
1377000,0.4547,0.0246,0.011,18305.61,17542.88,762733.77,762700,0.05,0.0,0.0796,0.116,1
1378000,0.6005,0.0245,0.011,18708.22,17928.71,779508.97,779500,0.05,0.0,0.0796,0.1352,1
1379000,0.5733,0.0242,0.0109,18979.3,18188.5,790804.24,790800,0.05,0.0,0.0796,0.154,1
1380000,0.5293,0.024,0.0109,19220.84,18419.97,800868.2,800900,0.05,0.0,0.0796,0.1722,1
1381000,0.5023,0.0237,0.0108,19435.49,18625.68,809812.19,809800,0.05,0.0,0.0796,0.1898,1
1382000,0.4331,0.0233,0.0107,19626.03,18808.28,817751.36,817800,0.05,0.0,0.0796,0.2068,1
1383000,0.5678,0.023,0.0106,19782.58,18958.31,824274.18,824300,0.05,0.0,0.0796,0.223,1
1384000,0.485,0.0226,0.0105,19906.29,19076.86,829428.7,829400,0.05,0.0,0.0796,0.2385,1
1385000,0.5045,0.0221,0.0104,20000.79,19167.42,833366.08,833400,0.05,0.0,0.0796,0.2531,1
1386000,0.5418,0.0217,0.0102,20000.31,19166.96,833346.13,833300,0.05,0.0,0.0796,0.2669,1
1387000,0.5382,0.0212,0.0101,20000.51,19167.15,833354.46,833400,0.05,0.0,0.0796,0.2797,1
1388000,0.5193,0.0207,0.0099,20000.25,19166.9,833343.58,833300,0.05,0.0,0.0796,0.2916,1
1389000,0.5004,0.0202,0.0098,19999.98,19166.64,833332.34,833300,0.05,0.0,0.0796,0.3025,1
1390000,0.5195,0.0197,0.0096,20000.62,19167.26,833359.26,833400,0.05,0.0,0.0796,0.3123,1
1391000,0.5229,0.0192,0.0094,20000.27,19166.92,833344.41,833300,0.05,0.0,0.0796,0.3211,1
1392000,0.5143,0.0187,0.0092,20436.22,19584.71,851509.01,851500,0.05,0.0,0.0796,0.3287,1
1393000,0.5296,0.0181,0.009,20728.37,19864.69,863682.09,863700,0.05,0.0,0.0796,0.3352,1
1394000,0.5568,0.0176,0.0089,20995.64,20120.82,874818.14,874800,0.05,0.0,0.0795,0.3405,1
1395000,0.4623,0.0171,0.0087,21231.88,20347.22,884661.86,884700,0.05,0.0,0.0795,0.3447,1
1396000,0.5228,0.0165,0.0085,21434.56,20541.45,893106.72,893100,0.05,0.0,0.0795,0.3477,1
1397000,0.4967,0.016,0.0083,21604.69,20704.5,900195.46,900200,0.05,0.0,0.0795,0.3494,1
1398000,0.492,0.0155,0.0082,21743.91,20837.92,905996.44,906000,0.05,0.0,0.0795,0.35,1
1399000,0.5778,0.015,0.008,21848.78,20938.41,910365.71,910400,0.05,0.0,0.0795,0.3493,1
1400000,0.5574,0.0145,0.0078,21848.72,20938.36,910363.36,910400,0.05,0.0,0.0795,0.3475,1
1401000,0.4364,0.0141,0.0077,21848.9,20938.53,910371.0,910400,0.05,0.0,0.0795,0.3444,1
1402000,0.4628,0.0136,0.0076,21848.54,20938.19,910355.95,910400,0.05,0.0,0.0795,0.3402,1
1403000,0.4941,0.0132,0.0075,21848.26,20937.92,910344.28,910300,0.05,0.0,0.0795,0.3347,1
1404000,0.5523,0.0128,0.0073,21848.46,20938.11,910352.67,910400,0.05,0.0,0.0795,0.3281,1
1405000,0.4733,0.0125,0.0072,21848.57,20938.21,910356.88,910400,0.05,0.0,0.0795,0.3204,1
1406000,0.548,0.0122,0.0072,22322.41,21392.31,930100.39,930100,0.05,0.0,0.0795,0.3116,1
1407000,0.5324,0.0119,0.0071,22643.91,21700.41,943496.23,943500,0.05,0.0,0.0795,0.3017,1
1408000,0.5593,0.0117,0.0071,22938.52,21982.75,955771.71,955800,0.05,0.0,0.0795,0.2907,1
1409000,0.4393,0.0114,0.007,23197.23,22230.68,966551.39,966600,0.05,0.0,0.0795,0.2788,1
1410000,0.4754,0.0113,0.007,23418.74,22442.96,975780.7,975800,0.05,0.0,0.0795,0.2658,1
1411000,0.4992,0.0111,0.007,23604.27,22620.76,983511.28,983500,0.05,0.0,0.0795,0.252,1
1412000,0.4246,0.0111,0.007,23756.18,22766.34,989840.85,989800,0.05,0.0,0.0795,0.2373,1
1413000,0.475,0.011,0.0071,23873.05,22878.34,994710.56,994700,0.05,0.0,0.0795,0.2217,1
1414000,0.4649,0.011,0.0071,23872.43,22877.75,994684.76,994700,0.05,0.0,0.0795,0.2054,1
1415000,0.5078,0.011,0.0072,23872.53,22877.85,994688.95,994700,0.05,0.0,0.0795,0.1884,1
1416000,0.498,0.0111,0.0072,23872.41,22877.73,994683.92,994700,0.05,0.0,0.0795,0.1707,1
1417000,0.3983,0.0112,0.0073,23872.48,22877.79,994686.71,994700,0.05,0.0,0.0795,0.1525,1
1418000,0.5047,0.0114,0.0074,23871.97,22877.31,994665.59,994700,0.05,0.0,0.0795,0.1337,1
1419000,0.4654,0.0116,0.0076,23872.4,22877.72,994683.44,994700,0.05,0.0,0.0795,0.1145,1
1420000,0.5491,0.0118,0.0077,24402.95,23386.16,1016789.64,1016800,0.05,0.0,0.0795,0.0948,1
1421000,0.4393,0.0121,0.0078,24756.02,23724.52,1031500.92,1031500,0.05,0.0,0.0795,0.0748,1
1422000,0.4832,0.0124,0.008,25077.19,24032.3,1044882.73,1044900,0.05,0.0,0.0795,0.0546,1
1423000,0.4078,0.0127,0.0082,25357.08,24300.54,1056545.1,1056500,0.05,0.0,0.0795,0.0342,1
1424000,0.3595,0.0131,0.0083,25601.16,24534.45,1066715.06,1066700,0.05,0.0,0.0795,0.0137,1
1425000,0.3901,0.0135,0.0085,25807.76,24732.44,1075323.42,1075300,0.05,0.0,0.0795,-0.0069,1
1426000,0.4106,0.0139,0.0087,25973.89,24891.64,1082245.34,1082200,0.05,0.0,0.0795,-0.0275,1
1427000,0.4011,0.0144,0.0089,26097.88,25010.46,1087411.5,1087400,0.05,0.0,0.0795,-0.0479,1
1428000,0.5214,0.0148,0.009,26097.81,25010.4,1087408.87,1087400,0.05,0.0,0.0795,-0.0682,1
1429000,0.4535,0.0153,0.0092,26098.36,25010.92,1087431.46,1087400,0.05,0.0,0.0795,-0.0883,1
1430000,0.4768,0.0158,0.0094,26098.35,25010.91,1087431.05,1087400,0.05,0.0,0.0795,-0.1081,1
1431000,0.4028,0.0164,0.0096,26098.79,25011.34,1087449.48,1087400,0.05,0.0,0.0795,-0.1275,1
1432000,0.3595,0.0169,0.0097,26098.76,25011.31,1087448.22,1087400,0.05,0.0,0.0795,-0.1464,1
1433000,0.5357,0.0174,0.0099,26099.2,25011.73,1087466.54,1087500,0.05,0.0,0.0795,-0.1648,1
1434000,0.4026,0.018,0.0101,26673.69,25562.29,1111403.87,1111400,0.05,0.0,0.0795,-0.1827,1
1435000,0.4409,0.0185,0.0102,27059.42,25931.94,1127475.75,1127500,0.05,0.0,0.0795,-0.1999,1
1436000,0.4932,0.019,0.0104,27403.98,26262.15,1141832.65,1141800,0.05,0.0,0.0795,-0.2165,1
1437000,0.4264,0.0196,0.0105,27711.61,26556.96,1154650.24,1154700,0.05,0.0,0.0795,-0.2323,1
1438000,0.4554,0.0201,0.0106,27975.84,26810.18,1165659.88,1165700,0.05,0.0,0.0795,-0.2473,1
1439000,0.4012,0.0206,0.0107,28198.5,27023.56,1174937.43,1174900,0.05,0.0,0.0795,-0.2614,1
1440000,0.4678,0.0211,0.0108,28378.03,27195.61,1182417.95,1182400,0.05,0.0,0.0795,-0.2746,1
1441000,0.3903,0.0215,0.0109,28513.74,27325.67,1188072.5,1188100,0.05,0.0,0.0795,-0.2869,1
1442000,0.35,0.022,0.0109,28514.16,27326.07,1188090.13,1188100,0.05,0.0,0.0795,-0.2982,1
1443000,0.4286,0.0224,0.011,28513.97,27325.89,1188082.17,1188100,0.05,0.0,0.0795,-0.3085,1
1444000,0.4831,0.0228,0.011,28514.04,27325.95,1188084.81,1188100,0.05,0.0,0.0795,-0.3176,1
1445000,0.427,0.0232,0.011,28514.52,27326.41,1188104.89,1188100,0.05,0.0,0.0795,-0.3257,1
1446000,0.4691,0.0236,0.011,28514.77,27326.65,1188115.35,1188100,0.05,0.0,0.0795,-0.3327,1
1447000,0.547,0.0239,0.011,28514.04,27325.95,1188084.84,1188100,0.05,0.0,0.0795,-0.3385,1
1448000,0.5355,0.0241,0.0109,29135.19,27921.22,1213966.3,1214000,0.05,0.0,0.0795,-0.3432,1
1449000,0.5121,0.0244,0.0109,29555.87,28324.38,1231494.76,1231500,0.05,0.0,0.0795,-0.3466,1
1450000,0.52,0.0246,0.0108,29932.73,28685.53,1247196.98,1247200,0.05,0.0,0.0795,-0.3489,1
1451000,0.4628,0.0247,0.0107,30263.3,29002.33,1260970.98,1261000,0.05,0.0,0.0795,-0.3499,1
1452000,0.4362,0.0249,0.0106,30552.12,29279.12,1273005.2,1273000,0.05,0.0,0.0795,-0.3498,1
1453000,0.516,0.025,0.0105,30797.85,29514.61,1283243.82,1283200,0.05,0.0,0.0795,-0.3484,1
1454000,0.5035,0.025,0.0104,30993.9,29702.49,1291412.53,1291400,0.05,0.0,0.0795,-0.3458,1
1455000,0.4289,0.025,0.0102,31142.83,29845.21,1297617.74,1297600,0.05,0.0,0.0795,-0.342,1
1456000,0.4563,0.025,0.0101,31142.71,29845.09,1297612.72,1297600,0.05,0.0,0.0795,-0.3371,1
1457000,0.4897,0.0249,0.0099,31142.38,29844.78,1297599.16,1297600,0.05,0.0,0.0795,-0.331,1
1458000,0.3994,0.0247,0.0098,31142.49,29844.89,1297603.72,1297600,0.05,0.0,0.0795,-0.3237,1
1459000,0.4906,0.0246,0.0096,31141.72,29844.15,1297571.58,1297600,0.05,0.0,0.0795,-0.3153,1
1460000,0.4855,0.0244,0.0094,31141.34,29843.78,1297555.71,1297600,0.05,0.0,0.0795,-0.3058,1
1461000,0.4151,0.0241,0.0092,31141.7,29844.13,1297570.91,1297600,0.05,0.0,0.0795,-0.2953,1
1462000,0.602,0.0239,0.0091,31820.23,30494.38,1325842.73,1325800,0.05,0.0,0.0795,-0.2837,1
1463000,0.49,0.0236,0.0089,32279.56,30934.57,1344981.48,1345000,0.05,0.0,0.0795,-0.2712,1
1464000,0.4681,0.0232,0.0087,32689.72,31327.65,1362071.63,1362100,0.05,0.0,0.0795,-0.2577,1
1465000,0.513,0.0228,0.0085,33051.95,31674.79,1377164.67,1377200,0.05,0.0,0.0795,-0.2434,1
1466000,0.5225,0.0224,0.0084,33366.68,31976.41,1390278.48,1390300,0.05,0.0,0.0795,-0.2282,1
1467000,0.4264,0.022,0.0082,33632.28,32230.94,1401345.01,1401300,0.05,0.0,0.0795,-0.2122,1
1468000,0.3552,0.0216,0.008,33846.09,32435.84,1410253.88,1410300,0.05,0.0,0.0795,-0.1954,1
1469000,0.4655,0.0211,0.0079,34008.15,32591.14,1417006.06,1417000,0.05,0.0,0.0795,-0.178,1
1470000,0.3881,0.0206,0.0077,34008.57,32591.54,1417023.59,1417000,0.05,0.0,0.0795,-0.16,1
1471000,0.5098,0.0201,0.0076,34009.16,32592.11,1417048.29,1417000,0.05,0.0,0.0795,-0.1414,1
1472000,0.4702,0.0196,0.0075,34009.8,32592.72,1417074.9,1417100,0.05,0.0,0.0795,-0.1223,1
1473000,0.4061,0.019,0.0074,34010.31,32593.22,1417096.45,1417100,0.05,0.0,0.0795,-0.1029,1
1474000,0.4373,0.0185,0.0073,34010.68,32593.57,1417111.61,1417100,0.05,0.0,0.0795,-0.083,1
1475000,0.421,0.018,0.0072,34009.84,32592.76,1417076.51,1417100,0.05,0.0,0.0795,-0.0629,1
1476000,0.4881,0.0174,0.0071,34758.08,33309.83,1448253.37,1448300,0.05,0.0,0.0795,-0.0425,1
1477000,0.4254,0.0169,0.0071,35259.9,33790.74,1469162.68,1469200,0.05,0.0,0.0795,-0.022,1
1478000,0.5501,0.0164,0.007,35703.73,34216.08,1487655.46,1487700,0.05,0.0,0.0795,-0.0015,1
1479000,0.4265,0.0158,0.007,36106.84,34602.39,1504451.65,1504500,0.05,0.0,0.0795,0.0191,1
1480000,0.5232,0.0153,0.007,36453.45,34934.56,1518893.94,1518900,0.05,0.0,0.0795,0.0396,1
1481000,0.4875,0.0148,0.007,36746.61,35215.5,1531108.76,1531100,0.05,0.0,0.0795,0.06,1
1482000,0.4515,0.0144,0.007,36985.81,35444.74,1541075.54,1541100,0.05,0.0,0.0795,0.0802,1
1483000,0.487,0.0139,0.0071,37163.46,35614.98,1548477.5,1548500,0.05,0.0,0.0795,0.1001,1
1484000,0.4736,0.0135,0.0072,37163.31,35614.84,1548471.17,1548500,0.05,0.0,0.0795,0.1196,1
1485000,0.496,0.0131,0.0072,37163.35,35614.88,1548472.86,1548500,0.05,0.0,0.0795,0.1387,1
1486000,0.5337,0.0127,0.0073,37162.76,35614.32,1548448.51,1548400,0.05,0.0,0.0795,0.1574,1
1487000,0.4909,0.0124,0.0074,37162.22,35613.79,1548425.83,1548400,0.05,0.0,0.0795,0.1755,1
1488000,0.5198,0.0121,0.0076,37162.06,35613.64,1548418.97,1548400,0.05,0.0,0.0795,0.193,1
1489000,0.5467,0.0118,0.0077,37160.87,35612.5,1548369.75,1548400,0.05,0.0,0.0795,0.2098,1
1490000,0.6182,0.0116,0.0078,37974.64,36392.36,1582276.65,1582300,0.05,0.0,0.0795,0.2259,1
1491000,0.5457,0.0114,0.008,38519.66,36914.67,1604985.78,1605000,0.05,0.0,0.0795,0.2413,1
1492000,0.5198,0.0112,0.0081,39020.08,37394.25,1625836.76,1625800,0.05,0.0,0.0795,0.2557,1
1493000,0.5183,0.0111,0.0083,39461.94,37817.69,1644247.54,1644200,0.05,0.0,0.0795,0.2694,1
1494000,0.5218,0.011,0.0085,39842.42,38182.31,1660100.63,1660100,0.05,0.0,0.0795,0.282,1
1495000,0.4898,0.011,0.0087,40164.53,38491.01,1673522.18,1673500,0.05,0.0,0.0794,0.2937,1
1496000,0.4937,0.011,0.0088,40417.63,38733.56,1684068.04,1684100,0.05,0.0,0.0794,0.3044,1
1497000,0.5141,0.0111,0.009,40612.04,38919.87,1692168.36,1692200,0.05,0.0,0.0794,0.314,1
1498000,0.5842,0.0111,0.0092,40612.47,38920.29,1692186.39,1692200,0.05,0.0,0.0794,0.3226,1
1499000,0.4937,0.0113,0.0094,40611.88,38919.72,1692161.62,1692200,0.05,0.0,0.0794,0.33,1
1500000,0.6191,0.0114,0.0096,40611.0,38918.88,1692125.16,1692100,0.05,0.0,0.0794,0.3363,1
1501000,0.5502,0.0117,0.0097,40611.19,38919.06,1692132.9,1692100,0.05,0.0,0.0794,0.3414,1
1502000,0.5292,0.0119,0.0099,40610.37,38918.27,1692098.88,1692100,0.05,0.0,0.0794,0.3453,1
1503000,0.5183,0.0122,0.01,40610.68,38918.57,1692111.81,1692100,0.05,0.0,0.0794,0.3481,1
1504000,0.688,0.0125,0.0102,41510.67,39781.06,1729611.3,1729600,0.05,0.0,0.0794,0.3496,1
1505000,0.52,0.0128,0.0103,42104.49,40350.14,1754353.9,1754400,0.05,0.0,0.0794,0.35,1
1506000,0.6201,0.0132,0.0105,42639.74,40863.08,1776655.64,1776700,0.05,0.0,0.0794,0.3491,1
1507000,0.5234,0.0136,0.0106,43121.74,41325.01,1796739.37,1796700,0.05,0.0,0.0794,0.347,1
1508000,0.4922,0.0141,0.0107,43535.87,41721.88,1813994.64,1814000,0.05,0.0,0.0794,0.3437,1
1509000,0.5111,0.0145,0.0108,43888.03,42059.37,1828668.04,1828700,0.05,0.0,0.0794,0.3392,1
1510000,0.5547,0.015,0.0109,44167.78,42327.45,1840323.96,1840300,0.05,0.0,0.0794,0.3336,1
1511000,0.5156,0.0155,0.0109,44378.95,42529.83,1849122.92,1849100,0.05,0.0,0.0794,0.3268,1
