exchange_timestamp,validation_period,spot_mid,perp_mid,perp_mid_binance,perp_mid_okx,funding_rate,funding_rate_binance,funding_rate_okx,spot_return,perp_return,bid_ask_spread,depth_btc,order_imbalance,perp_data_quality_flag
1000000,Discovery,71273.71,71341.28,71343.28,71339.28,9.1e-05,9.8e-05,8.4e-05,0.021899,0.022556,6.893,79.68,0.0015,1
1001000,Discovery,72300.57,72368.29,72370.29,72366.29,0.0001,0.000107,9.3e-05,0.014407,0.014839,2.096,101.88,0.0088,1
1002000,Discovery,73214.58,73284.88,73286.88,73282.88,7.4e-05,8.1e-05,6.7e-05,0.012642,0.013021,2.332,101.86,0.0154,1
1003000,Discovery,74042.41,74109.54,74111.54,74107.54,7.1e-05,7.8e-05,6.4e-05,0.011307,0.011646,2.149,104.16,0.0076,1
1004000,Discovery,74752.08,74819.56,74821.56,74817.56,8.5e-05,9.2e-05,7.8e-05,0.009585,0.009872,2.046,105.2,0.0309,1
1005000,Discovery,75344.54,75408.99,75410.99,75406.99,6.9e-05,7.6e-05,6.2e-05,0.007926,0.008163,2.202,105.32,0.0326,1
1006000,Discovery,75833.2,75901.81,75903.81,75899.81,7.5e-05,8.2e-05,6.8e-05,0.006486,0.00668,2.325,104.92,-0.0041,1
1007000,Discovery,76209.37,76274.75,76276.75,76272.75,6.6e-05,7.3e-05,5.9e-05,0.00496,0.005109,2.248,102.73,0.008,1
1008000,Discovery,76207.54,76272.13,76274.13,76270.13,7.2e-05,7.9e-05,6.5e-05,-2.4e-05,-2.5e-05,2.19,105.45,0.0088,1
1009000,Discovery,76204.9,76271.68,76273.68,76269.68,5.3e-05,6e-05,4.6e-05,-3.5e-05,-3.6e-05,2.19,105.99,0.0299,1
1010000,Discovery,76205.77,76273.07,76275.07,76271.07,7.3e-05,8e-05,6.6e-05,1.1e-05,1.2e-05,2.102,104.57,0.0327,1
1011000,Discovery,76206.7,76272.55,76274.55,76270.55,7.2e-05,7.9e-05,6.5e-05,1.2e-05,1.3e-05,2.142,104.55,0.0421,1
1012000,Discovery,76204.43,76268.14,76270.14,76266.14,3.1e-05,3.8e-05,2.4e-05,-3e-05,-3.1e-05,1.982,103.6,0.0424,1
1013000,Discovery,76204.1,76271.7,76273.7,76269.7,8.2e-05,8.9e-05,7.5e-05,-4e-06,-4e-06,2.281,104.41,0.0506,1
1014000,Discovery,77881.64,77946.81,77948.81,77944.81,4.8e-05,5.5e-05,4.1e-05,0.022014,0.022674,6.786,80.57,0.0306,1
1015000,Discovery,79009.4,79081.14,79083.14,79079.14,3.2e-05,3.9e-05,2.5e-05,0.01448,0.014915,2.357,99.93,0.0407,1
1016000,Discovery,80019.68,80082.73,80084.73,80080.73,7.8e-05,8.5e-05,7.1e-05,0.012787,0.01317,2.282,100.59,0.0218,1
1017000,Discovery,80910.67,80979.57,80981.57,80977.57,5.5e-05,6.2e-05,4.8e-05,0.011135,0.011469,2.222,104.63,0.0497,1
1018000,Discovery,81684.64,81748.99,81750.99,81746.99,8e-05,8.7e-05,7.3e-05,0.009566,0.009853,2.174,105.66,0.0373,1
1019000,Discovery,82337.04,82406.19,82408.19,82404.19,9.8e-05,0.000105,9.1e-05,0.007987,0.008226,2.372,103.99,0.033,1
1020000,Discovery,82872.86,82939.26,82941.26,82937.26,6.5e-05,7.2e-05,5.8e-05,0.006508,0.006703,2.208,104.27,0.0191,1
1021000,Discovery,83257.48,83321.06,83323.06,83319.06,3.6e-05,4.3e-05,2.9e-05,0.004641,0.00478,2.178,103.27,0.05,1
1022000,Discovery,83258.86,83325.47,83327.47,83323.47,6.5e-05,7.2e-05,5.8e-05,1.7e-05,1.7e-05,2.186,103.21,0.0263,1
1023000,Discovery,83259.63,83328.07,83330.07,83326.07,7.9e-05,8.6e-05,7.2e-05,9e-06,1e-05,2.131,103.57,0.0523,1
1024000,Discovery,83259.91,83333.04,83335.04,83331.04,6e-05,6.7e-05,5.3e-05,3e-06,3e-06,2.272,103.41,0.0158,1
1025000,Discovery,83258.94,83329.83,83331.83,83327.83,4.1e-05,4.8e-05,3.4e-05,-1.2e-05,-1.2e-05,2.281,105.07,0.0188,1
1026000,Discovery,83258.58,83329.8,83331.8,83327.8,5.2e-05,5.9e-05,4.5e-05,-4e-06,-4e-06,2.305,100.65,0.0068,1
1027000,Discovery,83256.09,83322.71,83324.71,83320.71,8.5e-05,9.2e-05,7.8e-05,-3e-05,-3.1e-05,2.304,102.28,-0.011,1
1028000,Discovery,85050.7,85119.97,85121.97,85117.97,0.000107,0.000114,0.0001,0.021555,0.022202,6.993,79.99,0.0088,1
1029000,Discovery,86262.16,86332.3,86334.3,86330.3,6e-05,6.7e-05,5.3e-05,0.014244,0.014671,2.368,101.7,0.0034,1
1030000,Discovery,87372.08,87441.5,87443.5,87439.5,7.7e-05,8.4e-05,7e-05,0.012867,0.013253,2.505,99.05,-0.0152,1
1031000,Discovery,88362.32,88433.23,88435.23,88431.23,8.7e-05,9.4e-05,8e-05,0.011334,0.011674,2.2,105.48,-0.0068,1
1032000,Discovery,89212.88,89288.42,89290.42,89286.42,5.2e-05,5.9e-05,4.5e-05,0.009626,0.009915,2.159,102.64,-0.0067,1
1033000,Discovery,89912.61,89986.07,89988.07,89984.07,4.9e-05,5.6e-05,4.2e-05,0.007843,0.008079,2.325,99.74,-0.0251,1
1034000,Discovery,90472.89,90542.91,90544.91,90540.91,6.5e-05,7.2e-05,5.8e-05,0.006231,0.006418,2.217,102.98,-0.021,1
1035000,Discovery,90909.0,90978.78,90980.78,90976.78,7.5e-05,8.2e-05,6.8e-05,0.00482,0.004965,2.283,103.98,-0.0155,1
1036000,Discovery,90909.4,90986.99,90988.99,90984.99,5.9e-05,6.6e-05,5.2e-05,4e-06,5e-06,2.203,102.32,-0.0374,1
1037000,Discovery,90907.71,90978.16,90980.16,90976.16,6e-05,6.7e-05,5.3e-05,-1.9e-05,-1.9e-05,2.251,103.59,-0.0368,1
1038000,Discovery,90908.93,90983.62,90985.62,90981.62,5.9e-05,6.6e-05,5.2e-05,1.4e-05,1.4e-05,2.169,104.4,-0.0276,1
1039000,Discovery,90906.96,90979.78,90981.78,90977.78,6.8e-05,7.5e-05,6.1e-05,-2.2e-05,-2.2e-05,2.146,103.93,-0.0491,1
1040000,Discovery,90908.78,90985.02,90987.02,90983.02,5.8e-05,6.5e-05,5.1e-05,2e-05,2.1e-05,2.243,100.11,-0.047,1
1041000,Discovery,90908.38,90978.93,90980.93,90976.93,7.8e-05,8.5e-05,7.1e-05,-4e-06,-5e-06,2.369,102.05,-0.0442,1
1042000,Discovery,92911.57,92988.93,92990.93,92986.93,4e-05,4.7e-05,3.3e-05,0.022035,0.022696,6.95,84.14,-0.0546,1
1043000,Discovery,94237.6,94309.94,94311.94,94307.94,5.4e-05,6.1e-05,4.7e-05,0.014272,0.0147,2.405,101.57,-0.0563,1
1044000,Discovery,95448.7,95520.71,95522.71,95518.71,9.1e-05,9.8e-05,8.4e-05,0.012852,0.013237,2.284,100.35,-0.0283,1
1045000,Discovery,96525.0,96599.61,96601.61,96597.61,3.2e-05,3.9e-05,2.5e-05,0.011276,0.011615,2.232,102.66,-0.0313,1
1046000,Discovery,97437.9,97512.52,97514.52,97510.52,5.1e-05,5.8e-05,4.4e-05,0.009458,0.009741,2.081,105.39,-0.0301,1
1047000,Discovery,98211.42,98288.54,98290.54,98286.54,5.9e-05,6.6e-05,5.2e-05,0.007939,0.008177,2.181,104.83,-0.039,1
1048000,Discovery,98844.6,98916.73,98918.73,98914.73,6e-05,6.7e-05,5.3e-05,0.006447,0.006641,2.282,102.97,-0.0586,1
1049000,Discovery,99334.98,99414.77,99416.77,99412.77,6.1e-05,6.8e-05,5.4e-05,0.004961,0.00511,2.013,104.18,-0.0308,1
1050000,Discovery,99334.7,99405.26,99407.26,99403.26,8.1e-05,8.8e-05,7.4e-05,-3e-06,-3e-06,2.204,102.51,-0.0164,1
1051000,Discovery,99337.76,99411.44,99413.44,99409.44,6.3e-05,7e-05,5.6e-05,3.1e-05,3.2e-05,2.146,105.78,-0.0427,1
1052000,Discovery,99338.0,99410.17,99412.17,99408.17,0.000108,0.000115,0.000101,2e-06,3e-06,2.138,107.46,-0.032,1
1053000,Discovery,99338.88,99412.69,99414.69,99410.69,5.4e-05,6.1e-05,4.7e-05,9e-06,9e-06,2.161,106.88,-0.0193,1
1054000,Discovery,99336.35,99409.18,99411.18,99407.18,5.4e-05,6.1e-05,4.7e-05,-2.5e-05,-2.6e-05,2.115,105.03,-0.0323,1
1055000,Discovery,99333.95,99407.86,99409.86,99405.86,6.2e-05,6.9e-05,5.5e-05,-2.4e-05,-2.5e-05,1.933,106.42,-0.0048,1
1056000,Discovery,101508.66,101577.9,101579.9,101575.9,9e-05,9.7e-05,8.3e-05,0.021893,0.02255,6.887,86.4,0.0008,1
1057000,Discovery,102974.32,103046.24,103048.24,103044.24,9.1e-05,9.8e-05,8.4e-05,0.014439,0.014872,2.32,104.48,-0.0066,1
1058000,Discovery,104287.91,104358.84,104360.84,104356.84,9.1e-05,9.8e-05,8.4e-05,0.012756,0.013139,2.386,101.98,-0.0016,1
1059000,Discovery,105459.21,105530.5,105532.5,105528.5,9.5e-05,0.000102,8.8e-05,0.011231,0.011568,1.943,104.29,-0.002,1
1060000,Discovery,106447.14,106516.42,106518.42,106514.42,5.8e-05,6.5e-05,5.1e-05,0.009368,0.009649,2.105,107.25,0.0082,1
1061000,Discovery,107287.75,107359.05,107361.05,107357.05,9.8e-05,0.000105,9.1e-05,0.007897,0.008134,2.041,104.26,0.0214,1
1062000,Discovery,107972.01,108044.82,108046.82,108042.82,7.7e-05,8.4e-05,7e-05,0.006378,0.006569,2.173,104.1,0.018,1
1063000,Discovery,108488.0,108555.9,108557.9,108553.9,4.7e-05,5.4e-05,4e-05,0.004779,0.004922,2.171,105.15,0.0091,1
1064000,Discovery,108487.85,108561.34,108563.34,108559.34,3.3e-05,4e-05,2.6e-05,-1e-06,-1e-06,1.995,104.31,0.0418,1
1065000,Discovery,108488.31,108560.63,108562.63,108558.63,5.6e-05,6.3e-05,4.9e-05,4e-06,4e-06,2.025,106.37,0.0276,1
1066000,Discovery,108489.2,108558.87,108560.87,108556.87,8.5e-05,9.2e-05,7.8e-05,8e-06,8e-06,2.128,106.86,0.0389,1
1067000,Discovery,108486.56,108550.82,108552.82,108548.82,0.0001,0.000107,9.3e-05,-2.4e-05,-2.5e-05,2.211,104.15,0.0089,1
1068000,Discovery,108486.72,108558.65,108560.65,108556.65,0.000116,0.000123,0.000109,1e-06,2e-06,2.159,105.1,0.022,1
1069000,Discovery,108486.74,108555.33,108557.33,108553.33,6e-05,6.7e-05,5.3e-05,0.0,0.0,2.283,108.3,0.0476,1
1070000,Discovery,110858.47,110929.68,110931.68,110927.68,9.4e-05,0.000101,8.7e-05,0.021862,0.022518,6.882,84.95,0.0423,1
1071000,Discovery,112463.03,112533.44,112535.44,112531.44,8.8e-05,9.5e-05,8.1e-05,0.014474,0.014908,2.121,102.85,0.0283,1
1072000,Discovery,113888.17,113960.94,113962.94,113958.94,0.000116,0.000123,0.000109,0.012672,0.013052,2.376,103.04,0.0511,1
1073000,Discovery,115163.85,115232.68,115234.68,115230.68,6e-05,6.7e-05,5.3e-05,0.011201,0.011537,2.162,105.48,0.0187,1
1074000,Discovery,116268.83,116336.73,116338.73,116334.73,0.000118,0.000125,0.000111,0.009595,0.009883,2.206,105.33,0.0363,1
1075000,Discovery,117199.5,117266.87,117268.87,117264.87,6e-05,6.7e-05,5.3e-05,0.008004,0.008245,2.126,104.11,0.017,1
1076000,Discovery,117955.57,118024.21,118026.21,118022.21,4.6e-05,5.3e-05,3.9e-05,0.006451,0.006645,2.133,106.64,0.0429,1
1077000,Discovery,118533.85,118601.43,118603.43,118599.43,6.5e-05,7.2e-05,5.8e-05,0.004903,0.00505,2.061,105.57,0.0326,1
1078000,Discovery,118536.14,118606.19,118608.19,118604.19,7.9e-05,8.6e-05,7.2e-05,1.9e-05,2e-05,2.053,104.47,0.0282,1
1079000,Discovery,118535.78,118601.47,118603.47,118599.47,8.7e-05,9.4e-05,8e-05,-3e-06,-3e-06,2.117,103.91,0.0265,1
1080000,Discovery,118535.07,118602.67,118604.67,118600.67,8.7e-05,9.4e-05,8e-05,-6e-06,-6e-06,2.072,104.02,0.0369,1
1081000,Discovery,118533.0,118594.57,118596.57,118592.57,4.5e-05,5.2e-05,3.8e-05,-1.7e-05,-1.8e-05,2.171,104.68,0.0149,1
1082000,Discovery,118535.16,118595.23,118597.23,118593.23,9e-05,9.7e-05,8.3e-05,1.8e-05,1.9e-05,2.299,102.83,0.0082,1
1083000,Discovery,118533.82,118598.25,118600.25,118596.25,7.5e-05,8.2e-05,6.8e-05,-1.1e-05,-1.2e-05,2.293,107.17,0.0051,1
1084000,Discovery,121175.44,121242.12,121244.12,121240.12,0.000116,0.000123,0.000109,0.022286,0.022954,6.902,82.0,0.0097,1
1085000,Discovery,122958.88,123027.55,123029.55,123025.55,6.7e-05,7.4e-05,6e-05,0.014718,0.015159,2.407,100.86,-0.0044,1
1086000,Discovery,124543.93,124610.52,124612.52,124608.52,8.6e-05,9.3e-05,7.9e-05,0.012891,0.013278,2.336,101.8,0.0027,1
1087000,Discovery,125914.7,125982.87,125984.87,125980.87,6.1e-05,6.8e-05,5.4e-05,0.011006,0.011336,2.085,103.91,-0.0053,1
1088000,Discovery,127114.75,127183.34,127185.34,127181.34,5.3e-05,6e-05,4.6e-05,0.009531,0.009817,2.172,103.02,-0.0106,1
1089000,Discovery,128135.21,128199.23,128201.23,128197.23,9.4e-05,0.000101,8.7e-05,0.008028,0.008269,2.215,100.97,-0.0372,1
1090000,Discovery,128955.12,129021.16,129023.16,129019.16,7.7e-05,8.4e-05,7e-05,0.006399,0.006591,2.212,104.06,-0.0058,1
1091000,Discovery,129559.77,129623.51,129625.51,129621.51,5.7e-05,6.4e-05,5e-05,0.004689,0.00483,2.241,105.51,-0.0257,1
1092000,Discovery,129554.91,129617.41,129619.41,129615.41,6.1e-05,6.8e-05,5.4e-05,-3.8e-05,-3.9e-05,2.177,102.96,-0.023,1
1093000,Discovery,129554.31,129623.8,129625.8,129621.8,6.4e-05,7.1e-05,5.7e-05,-5e-06,-5e-06,2.156,104.22,-0.0447,1
1094000,Discovery,129555.06,129622.32,129624.32,129620.32,7.4e-05,8.1e-05,6.7e-05,6e-06,6e-06,2.355,102.51,-0.0039,1
1095000,Discovery,129554.63,129618.58,129620.58,129616.58,7.8e-05,8.5e-05,7.1e-05,-3e-06,-3e-06,2.144,102.27,-0.0259,1
1096000,Discovery,129555.71,129621.47,129623.47,129619.47,9.5e-05,0.000102,8.8e-05,8e-06,9e-06,2.325,105.51,-0.026,1
1097000,Discovery,129558.36,129621.15,129623.15,129619.15,6.9e-05,7.6e-05,6.2e-05,2e-05,2.1e-05,2.164,103.51,-0.0405,1
1098000,Discovery,132405.41,132477.81,132479.81,132475.81,7.1e-05,7.8e-05,6.4e-05,0.021975,0.022634,6.993,80.46,-0.0336,1
1099000,Discovery,134312.13,134381.15,134383.15,134379.15,9.7e-05,0.000104,9e-05,0.014401,0.014833,2.507,100.97,-0.0279,1
1100000,Discovery,136015.87,136083.77,136085.77,136081.77,9.2e-05,9.9e-05,8.5e-05,0.012685,0.013065,2.444,100.82,-0.0243,1
1101000,Discovery,137545.92,137617.27,137619.27,137615.27,7.8e-05,8.5e-05,7.1e-05,0.011249,0.011587,2.206,103.81,-0.0697,1
1102000,Discovery,138871.63,138931.1,138933.1,138929.1,3.7e-05,4.4e-05,3e-05,0.009638,0.009927,2.27,104.05,-0.0476,1
1103000,Discovery,139972.71,140044.98,140046.98,140042.98,6.1e-05,6.8e-05,5.4e-05,0.007929,0.008167,2.411,103.36,-0.0275,1
1104000,Discovery,140891.17,140960.6,140962.6,140958.6,5e-05,5.7e-05,4.3e-05,0.006562,0.006759,2.221,103.35,-0.0471,1
1105000,Discovery,141563.84,141631.35,141633.35,141629.35,8.8e-05,9.5e-05,8.1e-05,0.004774,0.004918,2.23,103.02,-0.03,1
1106000,Discovery,141564.31,141635.49,141637.49,141633.49,4.9e-05,5.6e-05,4.2e-05,3e-06,3e-06,2.142,105.16,-0.0312,1
1107000,Discovery,141561.3,141632.32,141634.32,141630.32,7.7e-05,8.4e-05,7e-05,-2.1e-05,-2.2e-05,2.099,103.91,-0.0147,1
1108000,Discovery,141562.1,141633.85,141635.85,141631.85,3.9e-05,4.6e-05,3.2e-05,6e-06,6e-06,2.244,103.19,-0.0263,1
1109000,Discovery,141563.95,141638.09,141640.09,141636.09,0.000103,0.00011,9.6e-05,1.3e-05,1.3e-05,2.319,103.56,-0.013,1
1110000,Discovery,141565.58,141636.58,141638.58,141634.58,6.9e-05,7.6e-05,6.2e-05,1.2e-05,1.2e-05,2.276,103.72,-0.0225,1
1111000,Discovery,141564.7,141637.25,141639.25,141635.25,6.5e-05,7.2e-05,5.8e-05,-6e-06,-6e-06,2.232,104.9,-0.0146,1
1112000,Discovery,144695.18,144767.35,144769.35,144765.35,4e-05,4.7e-05,3.3e-05,0.022113,0.022777,7.041,80.74,-0.0262,1
1113000,Discovery,146763.67,146832.59,146834.59,146830.59,6.5e-05,7.2e-05,5.8e-05,0.014295,0.014724,2.313,100.79,0.0049,1
1114000,Discovery,148647.23,148719.73,148721.73,148717.73,7.2e-05,7.9e-05,6.5e-05,0.012834,0.013219,2.379,98.24,-0.003,1
1115000,Discovery,150279.67,150351.7,150353.7,150349.7,6.3e-05,7e-05,5.6e-05,0.010982,0.011311,2.268,106.09,0.0077,1
1116000,Discovery,151714.84,151788.21,151790.21,151786.21,5.2e-05,5.9e-05,4.5e-05,0.00955,0.009836,2.179,105.89,0.0024,1
1117000,Discovery,152940.78,153014.84,153016.84,153012.84,4.3e-05,5e-05,3.6e-05,0.008081,0.008323,2.252,105.57,0.014,1
1118000,Discovery,153907.94,153978.35,153980.35,153976.35,5.1e-05,5.8e-05,4.4e-05,0.006324,0.006513,2.212,103.2,0.0215,1
1119000,Discovery,154627.59,154699.81,154701.81,154697.81,6.3e-05,7e-05,5.6e-05,0.004676,0.004816,2.359,102.67,0.0373,1
1120000,Discovery,154627.94,154701.85,154703.85,154699.85,6.3e-05,7e-05,5.6e-05,2e-06,2e-06,2.193,104.61,0.0402,1
1121000,Discovery,154626.88,154702.74,154704.74,154700.74,4.7e-05,5.4e-05,4e-05,-7e-06,-7e-06,2.148,103.34,0.031,1
1122000,Discovery,154630.23,154703.19,154705.19,154701.19,5.6e-05,6.3e-05,4.9e-05,2.2e-05,2.2e-05,2.058,104.7,0.0089,1
1123000,Discovery,154628.11,154701.94,154703.94,154699.94,8.6e-05,9.3e-05,7.9e-05,-1.4e-05,-1.4e-05,2.368,104.26,0.0474,1
1124000,Discovery,154628.68,154701.65,154703.65,154699.65,6.8e-05,7.5e-05,6.1e-05,4e-06,4e-06,2.143,105.4,0.0271,1
1125000,Discovery,154625.43,154694.99,154696.99,154692.99,7.2e-05,7.9e-05,6.5e-05,-2.1e-05,-2.2e-05,2.112,104.42,0.0334,1
1126000,Discovery,158045.63,158119.55,158121.55,158117.55,4.5e-05,5.2e-05,3.8e-05,0.022119,0.022783,6.954,85.26,0.0402,1
1127000,Discovery,160336.88,160413.47,160415.47,160411.47,8.1e-05,8.8e-05,7.4e-05,0.014497,0.014932,2.316,103.56,0.0411,1
1128000,Discovery,162371.59,162446.84,162448.84,162444.84,3.1e-05,3.8e-05,2.4e-05,0.01269,0.013071,2.2,104.68,0.0451,1
1129000,Discovery,164214.31,164287.11,164289.11,164285.11,3.5e-05,4.2e-05,2.8e-05,0.011349,0.011689,2.102,105.73,0.0356,1
1130000,Discovery,165809.38,165881.93,165883.93,165879.93,6.5e-05,7.2e-05,5.8e-05,0.009713,0.010005,2.04,106.29,0.034,1
1131000,Discovery,167123.42,167196.23,167198.23,167194.23,5.4e-05,6.1e-05,4.7e-05,0.007925,0.008163,2.096,108.31,0.0316,1
1132000,Discovery,168188.94,168257.01,168259.01,168255.01,4e-05,4.7e-05,3.3e-05,0.006376,0.006567,2.095,104.65,0.0478,1
1133000,Discovery,168993.47,169069.91,169071.91,169067.91,5.9e-05,6.6e-05,5.2e-05,0.004784,0.004927,2.118,105.56,0.0293,1
1134000,Discovery,168997.83,169065.14,169067.14,169063.14,1.8e-05,2.5e-05,1.1e-05,2.6e-05,2.7e-05,2.072,105.72,0.0353,1
1135000,Discovery,168999.03,169071.04,169073.04,169069.04,7.9e-05,8.6e-05,7.2e-05,7e-06,7e-06,2.198,105.97,0.0359,1
1136000,Discovery,168999.72,169071.14,169073.14,169069.14,7.2e-05,7.9e-05,6.5e-05,4e-06,4e-06,2.125,105.68,0.0391,1
1137000,Discovery,168993.5,169062.62,169064.62,169060.62,3.5e-05,4.2e-05,2.8e-05,-3.7e-05,-3.8e-05,2.088,105.28,0.0001,1
1138000,Discovery,168991.01,169061.33,169063.33,169059.33,0.000108,0.000115,0.000101,-1.5e-05,-1.5e-05,2.263,105.01,0.0104,1
1139000,Discovery,168988.09,169055.6,169057.6,169053.6,5.7e-05,6.4e-05,5e-05,-1.7e-05,-1.8e-05,2.041,105.45,-0.008,1
1140000,Discovery,172686.52,172758.95,172760.95,172756.95,6.7e-05,7.4e-05,6e-05,0.021886,0.022542,6.882,81.05,0.0177,1
1141000,Discovery,175159.38,175232.81,175234.81,175230.81,6e-05,6.7e-05,5.3e-05,0.01432,0.01475,2.156,102.2,0.008,1
1142000,Discovery,177412.16,177483.42,177485.42,177481.42,9.1e-05,9.8e-05,8.4e-05,0.012861,0.013247,2.351,102.22,0.0087,1
1143000,Discovery,179433.49,179509.75,179511.75,179507.75,3.6e-05,4.3e-05,2.9e-05,0.011393,0.011735,2.06,107.55,-0.0169,1
1144000,Discovery,181132.32,181202.21,181204.21,181200.21,7e-05,7.7e-05,6.3e-05,0.009468,0.009752,2.13,104.27,-0.0161,1
1145000,Discovery,182568.47,182637.13,182639.13,182635.13,0.000108,0.000115,0.000101,0.007929,0.008167,2.166,106.48,-0.0176,1
1146000,Discovery,183733.51,183802.32,183804.32,183800.32,9e-06,1.6e-05,2e-06,0.006381,0.006573,2.037,102.34,-0.0423,1
1147000,Discovery,184593.47,184667.11,184669.11,184665.11,6.2e-05,6.9e-05,5.5e-05,0.00468,0.004821,2.255,105.58,-0.0093,1
1148000,Discovery,184590.98,184662.34,184664.34,184660.34,7.8e-05,8.5e-05,7.1e-05,-1.4e-05,-1.4e-05,2.111,105.7,-0.0151,1
1149000,Discovery,184589.46,184656.44,184658.44,184654.44,4e-05,4.7e-05,3.3e-05,-8e-06,-8e-06,2.169,105.24,-0.0343,1
1150000,Discovery,184589.53,184660.47,184662.47,184658.47,7.7e-05,8.4e-05,7e-05,0.0,0.0,2.292,106.56,-0.0394,1
1151000,Discovery,184594.19,184662.12,184664.12,184660.12,8.6e-05,9.3e-05,7.9e-05,2.5e-05,2.6e-05,2.179,103.92,-0.0513,1
1152000,Discovery,184593.72,184658.81,184660.81,184656.81,8.5e-05,9.2e-05,7.8e-05,-3e-06,-3e-06,2.3,103.23,-0.0279,1
1153000,Discovery,184591.71,184658.88,184660.88,184656.88,8.2e-05,8.9e-05,7.5e-05,-1.1e-05,-1.1e-05,2.181,106.93,-0.0388,1
1154000,Discovery,188680.4,188749.13,188751.13,188747.13,8.3e-05,9e-05,7.6e-05,0.02215,0.022814,6.879,81.64,-0.0355,1
1155000,Discovery,191381.62,191451.53,191453.53,191449.53,8.1e-05,8.8e-05,7.4e-05,0.014316,0.014746,2.382,103.61,-0.0174,1
1156000,Discovery,193824.13,193893.09,193895.09,193891.09,5.6e-05,6.3e-05,4.9e-05,0.012763,0.013145,2.342,100.31,-0.0156,1
1157000,Discovery,196002.01,196069.27,196071.27,196067.27,9.3e-05,0.0001,8.6e-05,0.011236,0.011573,2.031,100.89,-0.0253,1
1158000,Discovery,197884.81,197953.04,197955.04,197951.04,4.4e-05,5.1e-05,3.7e-05,0.009606,0.009894,2.207,106.82,-0.0243,1
1159000,Discovery,199471.25,199537.57,199539.57,199535.57,6.3e-05,7e-05,5.6e-05,0.008017,0.008257,2.043,104.12,-0.023,1
1160000,Discovery,200716.44,200782.02,200784.02,200780.02,4.9e-05,5.6e-05,4.2e-05,0.006242,0.00643,2.14,103.73,-0.0567,1
1161000,Discovery,201692.2,201761.17,201763.17,201759.17,6.7e-05,7.4e-05,6e-05,0.004861,0.005007,2.023,102.08,-0.0151,1
1162000,Discovery,201683.8,201749.88,201751.88,201747.88,4.9e-05,5.6e-05,4.2e-05,-4.2e-05,-4.3e-05,2.289,102.5,-0.0228,1
1163000,Discovery,201685.51,201756.92,201758.92,201754.92,7e-05,7.7e-05,6.3e-05,8e-06,9e-06,2.257,101.23,-0.0108,1
1164000,Discovery,201683.21,201748.53,201750.53,201746.53,7.4e-05,8.1e-05,6.7e-05,-1.1e-05,-1.2e-05,2.105,103.75,-0.0106,1
1165000,Discovery,201684.1,201746.76,201748.76,201744.76,7.3e-05,8e-05,6.6e-05,4e-06,5e-06,2.291,100.55,-0.032,1
1166000,Discovery,201686.75,201753.99,201755.99,201751.99,8.4e-05,9.1e-05,7.7e-05,1.3e-05,1.4e-05,2.382,104.04,-0.0078,1
1167000,Discovery,201694.95,201760.94,201762.94,201758.94,6e-05,6.7e-05,5.3e-05,4.1e-05,4.2e-05,2.269,103.97,-0.0185,1
1168000,Discovery,206101.0,206173.28,206175.28,206171.28,8.3e-05,9e-05,7.6e-05,0.021845,0.0225,6.901,82.18,-0.0098,1
1169000,Discovery,209063.65,209131.55,209133.55,209129.55,5.2e-05,5.9e-05,4.5e-05,0.014375,0.014806,2.403,103.37,0.001,1
1170000,Discovery,211731.8,211797.05,211799.05,211795.05,7e-05,7.7e-05,6.3e-05,0.012762,0.013145,2.354,99.94,0.0102,1
1171000,Discovery,214066.49,214135.21,214137.21,214133.21,7.1e-05,7.8e-05,6.4e-05,0.011027,0.011357,2.264,101.64,0.0191,1
1172000,Discovery,216148.2,216217.21,216219.21,216215.21,4.9e-05,5.6e-05,4.2e-05,0.009725,0.010016,2.299,103.96,-0.0123,1
1173000,Discovery,217876.86,217944.47,217946.47,217942.47,9.1e-05,9.8e-05,8.4e-05,0.007998,0.008237,2.244,103.83,0.0284,1
1174000,Discovery,219297.98,219357.61,219359.61,219355.61,7.4e-05,8.1e-05,6.7e-05,0.006523,0.006718,2.215,100.81,0.0155,1
1175000,Discovery,220378.0,220442.19,220444.19,220440.19,8.7e-05,9.4e-05,8e-05,0.004925,0.005073,2.152,102.49,0.0355,1
1176000,Discovery,220376.2,220444.41,220446.41,220442.41,4.3e-05,5e-05,3.6e-05,-8e-06,-8e-06,2.371,104.46,0.0189,1
1177000,Discovery,220378.11,220441.78,220443.78,220439.78,0.000105,0.000112,9.8e-05,9e-06,9e-06,2.193,103.33,0.0181,1
1178000,Discovery,220376.19,220445.29,220447.29,220443.29,8.6e-05,9.3e-05,7.9e-05,-9e-06,-9e-06,2.267,103.7,0.0328,1
1179000,Discovery,220374.8,220447.93,220449.93,220445.93,5e-05,5.7e-05,4.3e-05,-6e-06,-6e-06,2.311,105.85,0.0188,1
1180000,Discovery,220382.17,220452.42,220454.42,220450.42,0.000101,0.000108,9.4e-05,3.3e-05,3.4e-05,2.208,103.56,0.0285,1
1181000,Discovery,220383.46,220454.93,220456.93,220452.93,8.5e-05,9.2e-05,7.8e-05,6e-06,6e-06,2.128,105.22,0.0437,1
1182000,Discovery,225253.54,225323.6,225325.6,225321.6,7.6e-05,8.3e-05,6.9e-05,0.022098,0.022761,6.847,80.28,0.0142,1
1183000,Discovery,228502.53,228570.75,228572.75,228568.75,7.3e-05,8e-05,6.6e-05,0.014424,0.014856,2.094,99.52,0.0481,1
1184000,Discovery,231412.17,231481.75,231483.75,231479.75,5.4e-05,6.1e-05,4.7e-05,0.012734,0.013116,2.44,101.28,0.0385,1
1185000,Discovery,234057.81,234130.53,234132.53,234128.53,7.6e-05,8.3e-05,6.9e-05,0.011433,0.011776,2.132,103.91,0.041,1
1186000,Discovery,236302.3,236370.5,236372.5,236368.5,0.000111,0.000118,0.000104,0.009589,0.009877,2.165,107.96,0.0355,1
1187000,Discovery,238234.91,238305.25,238307.25,238303.25,0.000101,0.000108,9.4e-05,0.008179,0.008424,2.111,103.34,0.039,1
1188000,Discovery,239783.16,239852.98,239854.98,239850.98,5.6e-05,6.3e-05,4.9e-05,0.006499,0.006694,2.055,102.59,0.0109,1
1189000,Discovery,240936.75,241009.55,241011.55,241007.55,8.1e-05,8.8e-05,7.4e-05,0.004811,0.004955,1.977,104.55,0.0284,1
1190000,Discovery,240944.32,241010.94,241012.94,241008.94,7.4e-05,8.1e-05,6.7e-05,3.1e-05,3.2e-05,2.29,105.61,0.035,1
1191000,Discovery,240944.74,241016.09,241018.09,241014.09,9.7e-05,0.000104,9e-05,2e-06,2e-06,2.083,106.35,0.0093,1
1192000,Discovery,240945.92,241017.16,241019.16,241015.16,6.8e-05,7.5e-05,6.1e-05,5e-06,5e-06,2.142,104.2,0.0102,1
1193000,Discovery,240944.65,241012.93,241014.93,241010.93,8.7e-05,9.4e-05,8e-05,-5e-06,-5e-06,2.047,106.29,0.0058,1
1194000,Discovery,240942.6,241012.34,241014.34,241010.34,0.000107,0.000114,0.0001,-8e-06,-9e-06,2.161,104.99,0.0227,1
1195000,Discovery,240934.98,241006.42,241008.42,241004.42,0.00012,0.000127,0.000113,-3.2e-05,-3.3e-05,2.141,105.48,0.0197,1
1196000,Discovery,246267.92,246334.71,246336.71,246332.71,4.6e-05,5.3e-05,3.9e-05,0.022134,0.022798,6.869,81.88,0.0252,1
1197000,Discovery,249806.42,249873.59,249875.59,249871.59,5.3e-05,6e-05,4.6e-05,0.014368,0.0148,2.044,102.36,0.0034,1
1198000,Discovery,252993.34,253068.26,253070.26,253066.26,0.000102,0.000109,9.5e-05,0.012758,0.01314,2.248,99.57,0.0092,1
1199000,Discovery,255840.91,255914.11,255916.11,255912.11,9.7e-05,0.000104,9e-05,0.011256,0.011593,2.026,108.63,-0.0136,1
1200000,Discovery,258316.15,258384.55,258386.55,258382.55,5.9e-05,6.6e-05,5.2e-05,0.009675,0.009965,2.239,105.26,0.0042,1
1201000,Discovery,260388.8,260461.32,260463.32,260459.32,0.000104,0.000111,9.7e-05,0.008024,0.008264,2.097,103.01,-0.0194,1
1202000,Discovery,262069.64,262143.57,262145.57,262141.57,4.5e-05,5.2e-05,3.8e-05,0.006455,0.006649,2.057,104.82,-0.0178,1
1203000,Discovery,263291.52,263363.02,263365.02,263361.02,6.1e-05,6.8e-05,5.4e-05,0.004662,0.004802,2.177,106.91,-0.0186,1
1204000,Confirmation,263289.97,263363.52,263365.52,263361.52,5.8e-05,6.5e-05,5.1e-05,-6e-06,-6e-06,2.023,104.29,-0.0278,1
1205000,Confirmation,263285.38,263359.08,263361.08,263357.08,8.9e-05,9.6e-05,8.2e-05,-1.7e-05,-1.8e-05,1.989,105.72,-0.0259,1
1206000,Confirmation,263286.72,263360.07,263362.07,263358.07,4.4e-05,5.1e-05,3.7e-05,5e-06,5e-06,2.016,105.7,-0.0136,1
1207000,Confirmation,263277.98,263352.28,263354.28,263350.28,9.7e-05,0.000104,9e-05,-3.3e-05,-3.4e-05,2.106,106.45,-0.0369,1
1208000,Confirmation,263277.51,263346.93,263348.93,263344.93,2.5e-05,3.2e-05,1.8e-05,-2e-06,-2e-06,2.196,104.11,-0.036,1
1209000,Confirmation,263272.03,263342.01,263344.01,263340.01,6.8e-05,7.5e-05,6.1e-05,-2.1e-05,-2.1e-05,2.065,106.1,-0.0268,1
1210000,Confirmation,269076.69,269150.78,269152.78,269148.78,0.000102,0.000109,9.5e-05,0.022048,0.02271,6.766,82.89,-0.02,1
1211000,Confirmation,272985.42,273055.34,273057.34,273053.34,6.4e-05,7.1e-05,5.7e-05,0.014526,0.014962,2.378,103.37,-0.0321,1
1212000,Confirmation,276473.69,276546.16,276548.16,276544.16,7.5e-05,8.2e-05,6.8e-05,0.012778,0.013162,2.253,102.47,-0.034,1
1213000,Confirmation,279551.45,279626.15,279628.15,279624.15,0.000127,0.000134,0.00012,0.011132,0.011466,1.995,105.74,-0.0441,1
1214000,Confirmation,282251.28,282324.69,282326.69,282322.69,8.3e-05,9e-05,7.6e-05,0.009658,0.009947,2.236,105.45,-0.021,1
1215000,Confirmation,284443.13,284520.29,284522.29,284518.29,7.5e-05,8.2e-05,6.8e-05,0.007766,0.007999,2.233,103.24,-0.0437,1
1216000,Confirmation,286267.71,286340.74,286342.74,286338.74,7.2e-05,7.9e-05,6.5e-05,0.006415,0.006607,2.238,102.33,-0.0209,1
1217000,Confirmation,287642.03,287714.45,287716.45,287712.45,3.6e-05,4.3e-05,2.9e-05,0.004801,0.004945,2.197,101.25,-0.0231,1
1218000,Confirmation,287635.6,287708.5,287710.5,287706.5,6.3e-05,7e-05,5.6e-05,-2.2e-05,-2.3e-05,2.255,104.5,-0.0372,1
1219000,Confirmation,287633.41,287709.19,287711.19,287707.19,7.5e-05,8.2e-05,6.8e-05,-8e-06,-8e-06,2.136,104.3,-0.0453,1
1220000,Confirmation,287635.09,287703.1,287705.1,287701.1,7.9e-05,8.6e-05,7.2e-05,6e-06,6e-06,2.183,108.13,-0.037,1
1221000,Confirmation,287634.64,287711.35,287713.35,287709.35,8.7e-05,9.4e-05,8e-05,-2e-06,-2e-06,2.122,104.78,-0.0208,1
1222000,Confirmation,287635.86,287706.11,287708.11,287704.11,6.1e-05,6.8e-05,5.4e-05,4e-06,4e-06,2.056,104.54,-0.0122,1
1223000,Confirmation,287634.88,287702.61,287704.61,287700.61,8.2e-05,8.9e-05,7.5e-05,-3e-06,-4e-06,2.218,103.14,-0.0175,1
1224000,Confirmation,293898.1,293967.07,293969.07,293965.07,5.1e-05,5.8e-05,4.4e-05,0.021775,0.022428,7.017,80.66,-0.0028,1
1225000,Confirmation,298114.41,298186.32,298188.32,298184.32,5.8e-05,6.5e-05,5.1e-05,0.014346,0.014777,2.409,100.42,-0.0256,1
1226000,Confirmation,301889.08,301958.78,301960.78,301956.78,3.6e-05,4.3e-05,2.9e-05,0.012662,0.013042,2.377,100.42,0.0256,1
1227000,Confirmation,305217.78,305289.06,305291.06,305287.06,3.8e-05,4.5e-05,3.1e-05,0.011026,0.011357,2.169,104.04,-0.0269,1
1228000,Confirmation,308155.1,308230.36,308232.36,308228.36,5.1e-05,5.8e-05,4.4e-05,0.009624,0.009912,2.234,105.28,0.0029,1
1229000,Confirmation,310602.43,310666.98,310668.98,310664.98,7.2e-05,7.9e-05,6.5e-05,0.007942,0.00818,2.208,102.14,0.0102,1
1230000,Confirmation,312572.16,312640.81,312642.81,312638.81,7.1e-05,7.8e-05,6.4e-05,0.006342,0.006532,2.114,105.16,-0.0044,1
1231000,Confirmation,314051.79,314126.3,314128.3,314124.3,8.1e-05,8.8e-05,7.4e-05,0.004734,0.004876,2.232,102.11,0.0096,1
1232000,Confirmation,314052.14,314121.66,314123.66,314119.66,5.7e-05,6.4e-05,5e-05,1e-06,1e-06,2.225,103.14,0.002,1
1233000,Confirmation,314049.7,314121.16,314123.16,314119.16,3.1e-05,3.8e-05,2.4e-05,-8e-06,-8e-06,2.214,102.18,0.0238,1
1234000,Confirmation,314047.87,314120.48,314122.48,314118.48,6.8e-05,7.5e-05,6.1e-05,-6e-06,-6e-06,2.127,104.38,0.016,1
1235000,Confirmation,314045.15,314114.6,314116.6,314112.6,4.8e-05,5.5e-05,4.1e-05,-9e-06,-9e-06,2.305,102.18,0.0204,1
1236000,Confirmation,314042.06,314109.06,314111.06,314107.06,8e-05,8.7e-05,7.3e-05,-1e-05,-1e-05,2.285,105.88,0.0572,1
1237000,Confirmation,314037.21,314105.56,314107.56,314103.56,3.4e-05,4.1e-05,2.7e-05,-1.5e-05,-1.6e-05,2.173,102.36,0.0191,1
1238000,Confirmation,320896.48,320964.07,320966.07,320962.07,3.4e-05,4.1e-05,2.7e-05,0.021842,0.022497,7.027,79.42,0.0669,1
1239000,Confirmation,325502.9,325570.82,325572.82,325568.82,3.2e-05,3.9e-05,2.5e-05,0.014355,0.014786,2.511,102.19,0.0378,1
1240000,Confirmation,329625.5,329693.57,329695.57,329691.57,3.6e-05,4.3e-05,2.9e-05,0.012665,0.013045,2.491,101.74,0.036,1
1241000,Confirmation,333237.0,333301.9,333303.9,333299.9,7.2e-05,7.9e-05,6.5e-05,0.010956,0.011285,2.329,105.02,0.0159,1
1242000,Confirmation,336446.12,336515.85,336517.85,336513.85,2.5e-05,3.2e-05,1.8e-05,0.00963,0.009919,2.23,103.8,0.0311,1
1243000,Confirmation,339075.37,339141.6,339143.6,339139.6,5.2e-05,5.9e-05,4.5e-05,0.007815,0.008049,2.216,102.59,0.0287,1
1244000,Confirmation,341244.11,341312.12,341314.12,341310.12,5.3e-05,6e-05,4.6e-05,0.006396,0.006588,2.193,103.63,0.0099,1
1245000,Confirmation,342898.36,342965.15,342967.15,342963.15,6e-05,6.7e-05,5.3e-05,0.004848,0.004993,2.299,100.62,0.0077,1
1246000,Confirmation,342899.77,342966.44,342968.44,342964.44,6.3e-05,7e-05,5.6e-05,4e-06,4e-06,2.182,104.62,0.0407,1
1247000,Confirmation,342902.26,342968.22,342970.22,342966.22,1.8e-05,2.5e-05,1.1e-05,7e-06,7e-06,2.277,105.53,0.035,1
1248000,Confirmation,342897.73,342965.97,342967.97,342963.97,7.7e-05,8.4e-05,7e-05,-1.3e-05,-1.4e-05,2.335,102.47,0.0219,1
1249000,Confirmation,342901.58,342968.24,342970.24,342966.24,3.8e-05,4.5e-05,3.1e-05,1.1e-05,1.2e-05,2.239,104.74,0.0228,1
1250000,Confirmation,342902.71,342968.56,342970.56,342966.56,9.1e-05,9.8e-05,8.4e-05,3e-06,3e-06,2.129,103.09,0.0186,1
1251000,Confirmation,342907.23,342969.99,342971.99,342967.99,3.5e-05,4.2e-05,2.8e-05,1.3e-05,1.4e-05,2.033,104.12,0.0017,1
1252000,Confirmation,350431.41,350499.59,350501.59,350497.59,4.9e-05,5.6e-05,4.2e-05,0.021942,0.022601,6.935,81.23,0.0196,1
1253000,Confirmation,355494.27,355559.11,355561.11,355557.11,5.9e-05,6.6e-05,5.2e-05,0.014448,0.014881,2.409,102.07,-0.009,1
1254000,Confirmation,360067.9,360131.83,360133.83,360129.83,9.1e-05,9.8e-05,8.4e-05,0.012866,0.013252,2.402,102.02,0.0058,1
1255000,Confirmation,364093.14,364161.56,364163.56,364159.56,5.6e-05,6.3e-05,4.9e-05,0.011179,0.011514,2.194,105.81,-0.0067,1
1256000,Confirmation,367565.99,367629.84,367631.84,367627.84,4.3e-05,5e-05,3.6e-05,0.009538,0.009825,2.023,105.7,0.0179,1
1257000,Confirmation,370558.91,370621.8,370623.8,370619.8,7.9e-05,8.6e-05,7.2e-05,0.008143,0.008387,2.278,104.03,-0.0064,1
1258000,Confirmation,372856.09,372923.85,372925.85,372921.85,4.4e-05,5.1e-05,3.7e-05,0.006199,0.006385,2.175,102.48,-0.0049,1
1259000,Confirmation,374683.99,374749.29,374751.29,374747.29,4.3e-05,5e-05,3.6e-05,0.004902,0.00505,1.981,104.53,-0.022,1
1260000,Confirmation,374675.28,374743.84,374745.84,374741.84,5.8e-05,6.5e-05,5.1e-05,-2.3e-05,-2.4e-05,2.063,104.19,-0.0055,1
1261000,Confirmation,374678.67,374745.96,374747.96,374743.96,8e-05,8.7e-05,7.3e-05,9e-06,9e-06,2.051,105.17,-0.0198,1
1262000,Confirmation,374676.03,374744.94,374746.94,374742.94,5.3e-05,6e-05,4.6e-05,-7e-06,-7e-06,2.18,106.04,-0.0595,1
1263000,Confirmation,374682.72,374743.14,374745.14,374741.14,5.7e-05,6.4e-05,5e-05,1.8e-05,1.8e-05,2.217,104.82,-0.0447,1
1264000,Confirmation,374676.57,374747.4,374749.4,374745.4,3.1e-05,3.8e-05,2.4e-05,-1.6e-05,-1.7e-05,2.222,105.29,-0.0437,1
1265000,Confirmation,374673.29,374739.26,374741.26,374737.26,8.8e-05,9.5e-05,8.1e-05,-9e-06,-9e-06,2.186,102.87,-0.0362,1
1266000,Confirmation,382867.59,382939.58,382941.58,382937.58,4.4e-05,5.1e-05,3.7e-05,0.021871,0.022527,6.978,82.96,-0.0468,1
1267000,Confirmation,388354.95,388421.96,388423.96,388419.96,4.6e-05,5.3e-05,3.9e-05,0.014332,0.014762,2.269,100.92,-0.0602,1
1268000,Confirmation,393311.15,393375.92,393377.92,393373.92,5.7e-05,6.4e-05,5e-05,0.012762,0.013145,2.187,101.5,-0.0107,1
1269000,Confirmation,397718.46,397788.61,397790.61,397786.61,3.8e-05,4.5e-05,3.1e-05,0.011206,0.011542,2.065,105.97,-0.0473,1
1270000,Confirmation,401572.67,401639.47,401641.47,401637.47,6.8e-05,7.5e-05,6.1e-05,0.009691,0.009982,2.069,105.92,-0.0425,1
1271000,Confirmation,404774.37,404843.86,404845.86,404841.86,6e-05,6.7e-05,5.3e-05,0.007973,0.008212,2.154,106.05,-0.0353,1
1272000,Confirmation,407347.5,407419.84,407421.84,407417.84,7e-05,7.7e-05,6.3e-05,0.006357,0.006548,2.09,105.86,-0.0129,1
1273000,Confirmation,409248.17,409320.71,409322.71,409318.71,3.8e-05,4.5e-05,3.1e-05,0.004666,0.004806,2.133,108.06,-0.026,1
1274000,Confirmation,409249.22,409318.69,409320.69,409316.69,7.7e-05,8.4e-05,7e-05,3e-06,3e-06,2.096,104.51,-0.0335,1
1275000,Confirmation,409250.44,409319.65,409321.65,409317.65,6.1e-05,6.8e-05,5.4e-05,3e-06,3e-06,2.008,106.25,-0.0213,1
1276000,Confirmation,409251.86,409325.65,409327.65,409323.65,7.9e-05,8.6e-05,7.2e-05,3e-06,4e-06,2.15,106.09,-0.0265,1
1277000,Confirmation,409248.6,409325.76,409327.76,409323.76,6.9e-05,7.6e-05,6.2e-05,-8e-06,-8e-06,2.067,106.24,-0.0195,1
1278000,Confirmation,409239.98,409314.64,409316.64,409312.64,7.7e-05,8.4e-05,7e-05,-2.1e-05,-2.2e-05,2.034,107.33,-0.0119,1
1279000,Confirmation,409232.22,409308.74,409310.74,409306.74,9.2e-05,9.9e-05,8.5e-05,-1.9e-05,-2e-05,2.125,107.87,-0.0142,1
1280000,Confirmation,418233.6,418304.24,418306.24,418302.24,9.1e-05,9.8e-05,8.4e-05,0.021996,0.022656,6.892,82.94,-0.022,1
1281000,Confirmation,424261.6,424333.91,424335.91,424331.91,5.3e-05,6e-05,4.6e-05,0.014413,0.014845,2.155,103.39,-0.04,1
1282000,Confirmation,429700.86,429772.34,429774.34,429770.34,0.000106,0.000113,9.9e-05,0.012821,0.013205,2.237,103.45,-0.0098,1
1283000,Confirmation,434518.4,434593.08,434595.08,434591.08,7.1e-05,7.8e-05,6.4e-05,0.011211,0.011548,2.221,103.68,0.0024,1
1284000,Confirmation,438729.87,438804.5,438806.5,438802.5,0.000119,0.000126,0.000112,0.009692,0.009983,2.085,103.01,-0.0092,1
1285000,Confirmation,442268.68,442343.04,442345.04,442341.04,8.3e-05,9e-05,7.6e-05,0.008066,0.008308,2.061,106.14,-0.0081,1
1286000,Confirmation,445150.46,445230.83,445232.83,445228.83,8.9e-05,9.6e-05,8.2e-05,0.006516,0.006711,2.202,104.14,-0.0113,1
1287000,Confirmation,447260.35,447330.94,447332.94,447328.94,5.3e-05,6e-05,4.6e-05,0.00474,0.004882,2.299,105.19,0.0186,1
1288000,Confirmation,447258.28,447331.24,447333.24,447329.24,0.000101,0.000108,9.4e-05,-5e-06,-5e-06,2.164,105.47,0.0151,1
1289000,Confirmation,447255.98,447325.92,447327.92,447323.92,4.2e-05,4.9e-05,3.5e-05,-5e-06,-5e-06,2.151,104.65,0.0053,1
1290000,Confirmation,447255.75,447329.37,447331.37,447327.37,3.9e-05,4.6e-05,3.2e-05,-1e-06,-1e-06,2.104,105.06,0.0284,1
1291000,Confirmation,447248.01,447321.9,447323.9,447319.9,0.000102,0.000109,9.5e-05,-1.7e-05,-1.8e-05,2.245,104.2,0.0208,1
1292000,Confirmation,447243.79,447318.45,447320.45,447316.45,8.6e-05,9.3e-05,7.9e-05,-9e-06,-1e-05,2.238,104.44,0.0386,1
1293000,Confirmation,447244.42,447319.85,447321.85,447317.85,9.9e-05,0.000106,9.2e-05,1e-06,1e-06,2.129,101.42,0.0494,1
1294000,Confirmation,457101.02,457170.15,457172.15,457168.15,6.8e-05,7.5e-05,6.1e-05,0.022038,0.0227,6.985,81.11,0.0263,1
1295000,Confirmation,463747.31,463818.04,463820.04,463816.04,6.6e-05,7.3e-05,5.9e-05,0.01454,0.014976,2.36,101.72,0.0397,1
1296000,Confirmation,469725.53,469799.29,469801.29,469797.29,9.1e-05,9.8e-05,8.4e-05,0.012891,0.013278,2.327,101.13,0.0359,1
1297000,Confirmation,474996.56,475071.64,475073.64,475069.64,9.2e-05,9.9e-05,8.5e-05,0.011222,0.011558,2.216,102.54,0.0358,1
1298000,Confirmation,479555.2,479628.7,479630.7,479626.7,0.000125,0.000132,0.000118,0.009597,0.009885,2.175,104.3,0.0478,1
1299000,Confirmation,483396.34,483475.06,483477.06,483473.06,7.3e-05,8e-05,6.6e-05,0.00801,0.00825,2.246,102.39,0.0302,1
1300000,Confirmation,486502.11,486576.94,486578.94,486574.94,8.7e-05,9.4e-05,8e-05,0.006425,0.006618,2.324,103.38,0.0296,1
1301000,Confirmation,488968.87,489042.39,489044.39,489040.39,6.6e-05,7.3e-05,5.9e-05,0.00507,0.005223,2.171,102.05,0.0435,1
1302000,Confirmation,488966.19,489038.86,489040.86,489036.86,7.8e-05,8.5e-05,7.1e-05,-5e-06,-6e-06,2.288,102.14,0.0177,1
1303000,Confirmation,488967.84,489041.48,489043.48,489039.48,8.6e-05,9.3e-05,7.9e-05,3e-06,3e-06,2.167,104.39,0.0196,1
1304000,Confirmation,488964.01,489033.58,489035.58,489031.58,0.000105,0.000112,9.8e-05,-8e-06,-8e-06,2.284,104.25,0.041,1
1305000,Confirmation,488984.64,489052.06,489054.06,489050.06,6.3e-05,7e-05,5.6e-05,4.2e-05,4.3e-05,2.185,102.04,0.0104,1
1306000,Confirmation,488982.45,489050.86,489052.86,489048.86,8.4e-05,9.1e-05,7.7e-05,-4e-06,-5e-06,2.239,104.03,0.0264,1
1307000,Confirmation,488986.87,489057.14,489059.14,489055.14,0.00012,0.000127,0.000113,9e-06,9e-06,2.254,100.51,0.005,1
1308000,Confirmation,499616.92,499687.91,499689.91,499685.91,7.4e-05,8.1e-05,6.7e-05,0.021739,0.022391,6.922,83.82,0.0201,1
1309000,Confirmation,506847.68,506916.04,506918.04,506914.04,5.6e-05,6.3e-05,4.9e-05,0.014473,0.014907,2.377,100.78,-0.0124,1
1310000,Confirmation,513326.19,513396.64,513398.64,513394.64,7.1e-05,7.8e-05,6.4e-05,0.012782,0.013165,2.307,99.74,0.0039,1
1311000,Confirmation,519080.1,519151.77,519153.77,519149.77,9.6e-05,0.000103,8.9e-05,0.011209,0.011545,2.207,102.7,0.0075,1
1312000,Confirmation,524094.98,524163.78,524165.78,524161.78,9e-05,9.7e-05,8.3e-05,0.009661,0.009951,2.307,105.37,0.0197,1
1313000,Confirmation,528242.33,528311.98,528313.98,528309.98,7.4e-05,8.1e-05,6.7e-05,0.007913,0.008151,2.218,102.51,-0.0234,1
1314000,Confirmation,531627.98,531695.41,531697.41,531693.41,7.4e-05,8.1e-05,6.7e-05,0.006409,0.006602,2.159,101.89,-0.0065,1
1315000,Confirmation,534187.82,534258.35,534260.35,534256.35,0.000116,0.000123,0.000109,0.004815,0.00496,2.241,104.34,-0.026,1
1316000,Confirmation,534177.5,534250.29,534252.29,534248.29,5.3e-05,6e-05,4.6e-05,-1.9e-05,-2e-05,2.132,103.63,-0.0176,1
1317000,Confirmation,534170.27,534238.09,534240.09,534236.09,9.5e-05,0.000102,8.8e-05,-1.4e-05,-1.4e-05,2.147,101.68,-0.0086,1
1318000,Confirmation,534174.22,534241.0,534243.0,534239.0,3.8e-05,4.5e-05,3.1e-05,7e-06,8e-06,2.147,103.78,-0.009,1
1319000,Confirmation,534165.91,534233.81,534235.81,534231.81,8.3e-05,9e-05,7.6e-05,-1.6e-05,-1.6e-05,2.011,105.51,-0.0399,1
1320000,Confirmation,534168.57,534237.07,534239.07,534235.07,9e-05,9.7e-05,8.3e-05,5e-06,5e-06,2.241,100.49,-0.0376,1
1321000,Confirmation,534169.68,534236.87,534238.87,534234.87,7.7e-05,8.4e-05,7e-05,2e-06,2e-06,2.255,105.08,-0.0329,1
1322000,Confirmation,545773.47,545839.82,545841.82,545837.82,7.5e-05,8.2e-05,6.8e-05,0.021723,0.022375,6.824,82.72,-0.0212,1
1323000,Confirmation,553639.54,553699.18,553701.18,553697.18,4.1e-05,4.8e-05,3.4e-05,0.014413,0.014845,2.472,100.76,-0.0572,1
1324000,Confirmation,560794.51,560861.68,560863.68,560859.68,8.8e-05,9.5e-05,8.1e-05,0.012924,0.013311,2.338,102.37,-0.03,1
1325000,Confirmation,567114.52,567187.21,567189.21,567185.21,8.5e-05,9.2e-05,7.8e-05,0.01127,0.011608,2.044,105.26,-0.0212,1
1326000,Confirmation,572627.03,572692.83,572694.83,572690.83,8.8e-05,9.5e-05,8.1e-05,0.00972,0.010012,2.239,108.56,-0.044,1
1327000,Confirmation,577178.99,577244.98,577246.98,577242.98,5.4e-05,6.1e-05,4.7e-05,0.007949,0.008188,2.088,100.67,-0.0399,1
1328000,Confirmation,580894.25,580959.68,580961.68,580957.68,0.000102,0.000109,9.5e-05,0.006437,0.00663,2.155,106.85,-0.0307,1
1329000,Confirmation,583730.55,583797.84,583799.84,583795.84,9e-05,9.7e-05,8.3e-05,0.004883,0.005029,2.154,105.76,-0.0283,1
1330000,Confirmation,583728.03,583795.58,583797.58,583793.58,0.000107,0.000114,0.0001,-4e-06,-4e-06,2.123,105.74,-0.016,1
1331000,Confirmation,583738.01,583804.55,583806.55,583802.55,1.4e-05,2.1e-05,7e-06,1.7e-05,1.8e-05,2.181,101.87,-0.0115,1
1332000,Confirmation,583739.5,583808.5,583810.5,583806.5,4.3e-05,5e-05,3.6e-05,3e-06,3e-06,2.011,105.68,-0.0272,1
1333000,Confirmation,583735.19,583801.91,583803.91,583799.91,0.000116,0.000123,0.000109,-7e-06,-8e-06,2.198,106.94,-0.014,1
1334000,Confirmation,583748.15,583814.21,583816.21,583812.21,1.9e-05,2.6e-05,1.2e-05,2.2e-05,2.3e-05,2.113,106.66,-0.0328,1
1335000,Confirmation,583746.6,583811.47,583813.47,583809.47,9e-05,9.7e-05,8.3e-05,-3e-06,-3e-06,2.185,106.48,-0.0105,1
1336000,Confirmation,596585.77,596652.92,596654.92,596650.92,3.6e-05,4.3e-05,2.9e-05,0.021994,0.022654,6.672,83.28,-0.0106,1
1337000,Confirmation,605248.74,605319.43,605321.43,605317.43,9.1e-05,9.8e-05,8.4e-05,0.014521,0.014957,2.18,102.28,-0.0051,1
1338000,Confirmation,613149.17,613219.74,613221.74,613217.74,8.1e-05,8.8e-05,7.4e-05,0.013053,0.013445,2.227,101.52,0.0024,1
1339000,Confirmation,619948.95,620015.36,620017.36,620013.36,5.6e-05,6.3e-05,4.9e-05,0.01109,0.011423,2.244,105.14,-0.0325,1
1340000,Confirmation,625931.74,625997.13,625999.13,625995.13,5.9e-05,6.6e-05,5.2e-05,0.00965,0.00994,2.109,105.28,0.0101,1
1341000,Confirmation,630843.24,630909.26,630911.26,630907.26,7.2e-05,7.9e-05,6.5e-05,0.007847,0.008082,2.066,103.29,0.0125,1
1342000,Confirmation,634951.49,635018.87,635020.87,635016.87,1.9e-05,2.6e-05,1.2e-05,0.006512,0.006708,2.172,103.21,0.012,1
1343000,Confirmation,637942.91,638007.69,638009.69,638005.69,4.9e-05,5.6e-05,4.2e-05,0.004711,0.004853,2.101,104.72,0.0191,1
1344000,Confirmation,637938.64,638008.98,638010.98,638006.98,6.4e-05,7.1e-05,5.7e-05,-7e-06,-7e-06,2.061,104.37,-0.0042,1
1345000,Confirmation,637941.42,638008.65,638010.65,638006.65,1.1e-05,1.8e-05,4e-06,4e-06,4e-06,2.075,104.29,0.0379,1
1346000,Confirmation,637925.13,637989.87,637991.87,637987.87,8e-05,8.7e-05,7.3e-05,-2.6e-05,-2.6e-05,2.229,104.48,0.0145,1
1347000,Confirmation,637931.02,637993.79,637995.79,637991.79,2.1e-05,2.8e-05,1.4e-05,9e-06,1e-05,2.1,107.87,0.0198,1
1348000,Confirmation,637931.99,638003.66,638005.66,638001.66,0.0001,0.000107,9.3e-05,2e-06,2e-06,2.079,105.47,0.0494,1
1349000,Confirmation,637917.42,637989.09,637991.09,637987.09,3.8e-05,4.5e-05,3.1e-05,-2.3e-05,-2.4e-05,2.137,105.06,0.0183,1
1350000,Confirmation,651857.54,651927.58,651929.58,651925.58,7.9e-05,8.6e-05,7.2e-05,0.021853,0.022508,6.847,82.96,0.0385,1
1351000,Confirmation,661180.95,661252.42,661254.42,661250.42,7.5e-05,8.2e-05,6.8e-05,0.014303,0.014732,2.485,101.91,0.0276,1
1352000,Confirmation,669694.91,669766.85,669768.85,669764.85,4.8e-05,5.5e-05,4.1e-05,0.012877,0.013263,2.248,103.2,0.0242,1
1353000,Confirmation,677168.0,677238.38,677240.38,677236.38,7.9e-05,8.6e-05,7.2e-05,0.011159,0.011494,2.097,102.33,0.0118,1
1354000,Confirmation,683583.53,683650.67,683652.67,683648.67,5.7e-05,6.4e-05,5e-05,0.009474,0.009758,2.055,103.94,0.0257,1
1355000,Confirmation,689022.08,689096.08,689098.08,689094.08,7.3e-05,8e-05,6.6e-05,0.007956,0.008195,2.157,104.2,0.0296,1
1356000,Confirmation,693454.41,693526.82,693528.82,693524.82,4.2e-05,4.9e-05,3.5e-05,0.006433,0.006626,2.163,101.74,0.0367,1
1357000,Confirmation,696835.84,696906.35,696908.35,696904.35,9.7e-05,0.000104,9e-05,0.004876,0.005023,2.095,105.01,0.0326,1
1358000,Holdout,696834.79,696905.97,696907.97,696903.97,6.4e-05,7.1e-05,5.7e-05,-2e-06,-2e-06,2.239,106.64,0.0315,1
1359000,Holdout,696843.31,696913.26,696915.26,696911.26,7.7e-05,8.4e-05,7e-05,1.2e-05,1.3e-05,2.116,106.1,0.0562,1
1360000,Holdout,696842.04,696908.49,696910.49,696906.49,5.2e-05,5.9e-05,4.5e-05,-2e-06,-2e-06,2.281,105.19,0.0304,1
1361000,Holdout,696852.58,696925.94,696927.94,696923.94,8.8e-05,9.5e-05,8.1e-05,1.5e-05,1.6e-05,2.261,106.53,0.0292,1
1362000,Holdout,696862.04,696933.63,696935.63,696931.63,5.2e-05,5.9e-05,4.5e-05,1.4e-05,1.4e-05,2.329,104.47,0.0317,1
1363000,Holdout,696863.34,696934.42,696936.42,696932.42,6.5e-05,7.2e-05,5.8e-05,2e-06,2e-06,2.313,104.87,-0.0017,1
1364000,Holdout,712171.83,712249.01,712251.01,712247.01,6.1e-05,6.8e-05,5.4e-05,0.021968,0.022627,6.784,84.28,0.0236,1
1365000,Holdout,722422.12,722494.08,722496.08,722492.08,8.7e-05,9.4e-05,8e-05,0.014393,0.014825,2.304,102.77,0.0184,1
1366000,Holdout,731686.8,731760.19,731762.19,731758.19,6.3e-05,7e-05,5.6e-05,0.012824,0.013209,2.436,99.66,-0.0113,1
1367000,Holdout,739926.65,740001.38,740003.38,739999.38,7.7e-05,8.4e-05,7e-05,0.011261,0.011599,2.249,103.2,0.0138,1
1368000,Holdout,747026.57,747098.62,747100.62,747096.62,6.1e-05,6.8e-05,5.4e-05,0.009595,0.009883,2.382,101.0,0.0064,1
1369000,Holdout,752877.35,752950.43,752952.43,752948.43,6e-05,6.7e-05,5.3e-05,0.007832,0.008067,2.057,104.12,-0.008,1
1370000,Holdout,757537.72,757613.24,757615.24,757611.24,9.8e-05,0.000105,9.1e-05,0.00619,0.006376,2.346,104.01,-0.0067,1
1371000,Holdout,761274.52,761352.19,761354.19,761350.19,9.2e-05,9.9e-05,8.5e-05,0.004933,0.005081,2.154,103.72,-0.0058,1
1372000,Holdout,761253.85,761328.52,761330.52,761326.52,0.000116,0.000123,0.000109,-2.7e-05,-2.8e-05,2.282,105.59,-0.0124,1
1373000,Holdout,761253.02,761327.47,761329.47,761325.47,5.5e-05,6.2e-05,4.8e-05,-1e-06,-1e-06,2.156,105.24,-0.0016,1
1374000,Holdout,761241.7,761317.6,761319.6,761315.6,7e-05,7.7e-05,6.3e-05,-1.5e-05,-1.5e-05,2.261,104.01,-0.0094,1
1375000,Holdout,761242.64,761319.62,761321.62,761317.62,7.9e-05,8.6e-05,7.2e-05,1e-06,1e-06,2.285,102.05,0.0017,1
1376000,Holdout,761248.01,761323.19,761325.19,761321.19,4.1e-05,4.8e-05,3.4e-05,7e-06,7e-06,2.169,105.16,-0.0234,1
1377000,Holdout,761226.16,761302.07,761304.07,761300.07,6.3e-05,7e-05,5.6e-05,-2.9e-05,-3e-05,2.348,103.17,-0.0268,1
1378000,Holdout,778107.75,778178.73,778180.73,778176.73,5.5e-05,6.2e-05,4.8e-05,0.022177,0.022842,6.943,82.06,-0.0471,1
1379000,Holdout,789182.71,789257.88,789259.88,789255.88,6.3e-05,7e-05,5.6e-05,0.014233,0.01466,2.341,97.76,-0.0409,1
1380000,Holdout,799283.65,799358.96,799360.96,799356.96,6e-05,6.7e-05,5.3e-05,0.012799,0.013183,2.504,99.55,-0.0421,1
1381000,Holdout,808358.51,808431.87,808433.87,808429.87,6.5e-05,7.2e-05,5.8e-05,0.011354,0.011694,2.216,105.45,-0.0171,1
1382000,Holdout,816052.72,816125.28,816127.28,816123.28,7.9e-05,8.6e-05,7.2e-05,0.009518,0.009804,2.147,103.39,-0.0349,1
1383000,Holdout,822674.19,822749.69,822751.69,822747.69,7.1e-05,7.8e-05,6.4e-05,0.008114,0.008357,2.206,104.53,-0.0419,1
1384000,Holdout,827987.73,828059.8,828061.8,828057.8,5.9e-05,6.6e-05,5.2e-05,0.006459,0.006653,2.143,105.78,-0.0362,1
1385000,Holdout,832097.89,832168.68,832170.68,832166.68,8.5e-05,9.2e-05,7.8e-05,0.004964,0.005113,2.407,102.1,-0.0562,1
1386000,Holdout,832113.95,832183.73,832185.73,832181.73,7.9e-05,8.6e-05,7.2e-05,1.9e-05,2e-05,2.165,104.17,-0.0434,1
1387000,Holdout,832111.7,832184.45,832186.45,832182.45,5.9e-05,6.6e-05,5.2e-05,-3e-06,-3e-06,2.151,103.33,-0.0474,1
1388000,Holdout,832106.43,832178.1,832180.1,832176.1,7.2e-05,7.9e-05,6.5e-05,-6e-06,-7e-06,2.181,103.92,-0.036,1
1389000,Holdout,832115.06,832189.77,832191.77,832187.77,7.1e-05,7.8e-05,6.4e-05,1e-05,1.1e-05,2.236,103.69,-0.0212,1
1390000,Holdout,832134.6,832206.74,832208.74,832204.74,4.5e-05,5.2e-05,3.8e-05,2.3e-05,2.4e-05,2.229,106.0,-0.0255,1
1391000,Holdout,832147.03,832215.9,832217.9,832213.9,5.1e-05,5.8e-05,4.4e-05,1.5e-05,1.5e-05,2.198,101.62,-0.0226,1
1392000,Holdout,850614.89,850680.45,850682.45,850678.45,5.6e-05,6.3e-05,4.9e-05,0.022193,0.022859,6.824,81.77,-0.0208,1
1393000,Holdout,862982.75,863055.21,863057.21,863053.21,9.1e-05,9.8e-05,8.4e-05,0.01454,0.014976,2.328,102.26,-0.0232,1
1394000,Holdout,874102.91,874169.93,874171.93,874167.93,9.8e-05,0.000105,9.1e-05,0.012886,0.013272,2.406,102.1,-0.0113,1
1395000,Holdout,883927.85,883990.23,883992.23,883988.23,8.8e-05,9.5e-05,8.1e-05,0.01124,0.011577,2.156,104.61,0.0031,1
1396000,Holdout,892406.95,892473.37,892475.37,892471.37,7.9e-05,8.6e-05,7.2e-05,0.009593,0.00988,2.166,104.97,0.0004,1
1397000,Holdout,899638.96,899705.25,899707.25,899703.25,8.5e-05,9.2e-05,7.8e-05,0.008104,0.008347,2.258,102.3,0.0045,1
1398000,Holdout,905343.99,905411.81,905413.81,905409.81,6.4e-05,7.1e-05,5.7e-05,0.006341,0.006532,2.136,107.76,-0.0089,1
1399000,Holdout,909583.75,909649.0,909651.0,909647.0,0.000117,0.000124,0.00011,0.004683,0.004824,2.108,105.06,0.0052,1
1400000,Holdout,909570.86,909638.54,909640.54,909636.54,0.000131,0.000138,0.000124,-1.4e-05,-1.5e-05,2.252,103.91,0.0214,1
1401000,Holdout,909559.52,909623.11,909625.11,909621.11,0.000102,0.000109,9.5e-05,-1.2e-05,-1.3e-05,2.229,106.85,0.0115,1
1402000,Holdout,909557.24,909626.93,909628.93,909624.93,8.9e-05,9.6e-05,8.2e-05,-3e-06,-3e-06,2.101,102.93,0.0218,1
1403000,Holdout,909571.96,909636.58,909638.58,909634.58,9.4e-05,0.000101,8.7e-05,1.6e-05,1.7e-05,2.155,106.56,0.0339,1
1404000,Holdout,909562.49,909625.87,909627.87,909623.87,7.1e-05,7.8e-05,6.4e-05,-1e-05,-1.1e-05,2.196,104.68,0.0179,1
1405000,Holdout,909537.64,909609.27,909611.27,909607.27,9.7e-05,0.000104,9e-05,-2.7e-05,-2.8e-05,2.184,107.0,0.0355,1
1406000,Holdout,929514.13,929580.82,929582.82,929578.82,7.2e-05,7.9e-05,6.5e-05,0.021963,0.022622,7.056,83.93,0.0251,1
1407000,Holdout,942942.41,943006.83,943008.83,943004.83,0.00011,0.000117,0.000103,0.014447,0.01488,2.205,103.59,0.0451,1
1408000,Holdout,955048.35,955115.41,955117.41,955113.41,8e-05,8.7e-05,7.3e-05,0.012838,0.013224,2.252,102.0,0.0282,1
1409000,Holdout,965886.2,965952.65,965954.65,965950.65,6.4e-05,7.1e-05,5.7e-05,0.011348,0.011688,2.074,107.34,0.0426,1
1410000,Holdout,975212.83,975278.82,975280.82,975276.82,9.1e-05,9.8e-05,8.4e-05,0.009656,0.009946,2.064,105.31,0.0466,1
1411000,Holdout,983099.79,983163.91,983165.91,983161.91,6.2e-05,6.9e-05,5.5e-05,0.008087,0.00833,2.124,108.29,0.012,1
1412000,Holdout,989418.99,989482.08,989484.08,989480.08,6.5e-05,7.2e-05,5.8e-05,0.006428,0.006621,2.086,105.06,0.0281,1
1413000,Holdout,994168.92,994234.08,994236.08,994232.08,4.8e-05,5.5e-05,4.1e-05,0.004801,0.004945,2.179,106.8,0.0438,1
1414000,Holdout,994145.94,994213.19,994215.19,994211.19,9.1e-05,9.8e-05,8.4e-05,-2.3e-05,-2.4e-05,2.035,105.65,0.031,1
1415000,Holdout,994173.41,994244.74,994246.74,994242.74,4.3e-05,5e-05,3.6e-05,2.8e-05,2.8e-05,2.319,104.23,0.0425,1
1416000,Holdout,994187.88,994251.95,994253.95,994249.95,8.6e-05,9.3e-05,7.9e-05,1.5e-05,1.5e-05,2.114,106.39,0.0315,1
1417000,Holdout,994205.73,994272.53,994274.53,994270.53,7.2e-05,7.9e-05,6.5e-05,1.8e-05,1.8e-05,2.213,106.37,0.0351,1
1418000,Holdout,994195.81,994259.89,994261.89,994257.89,6.3e-05,7e-05,5.6e-05,-1e-05,-1e-05,2.079,106.61,0.0353,1
1419000,Holdout,994193.5,994263.87,994265.87,994261.87,0.000101,0.000108,9.4e-05,-2e-06,-2e-06,2.151,104.13,0.0395,1
1420000,Holdout,1016056.66,1016123.88,1016125.88,1016121.88,6.6e-05,7.3e-05,5.9e-05,0.021991,0.022651,6.79,80.58,0.0249,1
1421000,Holdout,1030608.28,1030682.97,1030684.97,1030680.97,5.1e-05,5.8e-05,4.4e-05,0.014322,0.014751,2.18,103.16,0.0322,1
1422000,Holdout,1043806.72,1043875.34,1043877.34,1043873.34,3.5e-05,4.2e-05,2.8e-05,0.012806,0.013191,2.231,100.69,-0.0125,1
1423000,Holdout,1055509.56,1055571.32,1055573.32,1055569.32,4.5e-05,5.2e-05,3.8e-05,0.011212,0.011548,2.107,103.76,0.0112,1
1424000,Holdout,1065674.71,1065744.49,1065746.49,1065742.49,8.6e-05,9.3e-05,7.9e-05,0.009631,0.009919,2.246,104.9,0.0062,1
1425000,Holdout,1074254.62,1074322.72,1074324.72,1074320.72,6.2e-05,6.9e-05,5.5e-05,0.008051,0.008293,2.133,103.58,0.0038,1
1426000,Holdout,1081119.75,1081186.05,1081188.05,1081184.05,5.6e-05,6.3e-05,4.9e-05,0.006391,0.006582,2.068,106.16,-0.0042,1
1427000,Holdout,1086215.85,1086286.05,1086288.05,1086284.05,5.7e-05,6.4e-05,5e-05,0.004714,0.004855,2.058,106.12,-0.0154,1
1428000,Holdout,1086209.18,1086277.71,1086279.71,1086275.71,9.1e-05,9.8e-05,8.4e-05,-6e-06,-6e-06,2.178,102.68,-0.0062,1
1429000,Holdout,1086201.28,1086274.67,1086276.67,1086272.67,6.7e-05,7.4e-05,6e-05,-7e-06,-7e-06,2.003,104.91,0.0071,1
1430000,Holdout,1086226.96,1086300.45,1086302.45,1086298.45,4.6e-05,5.3e-05,3.9e-05,2.4e-05,2.4e-05,2.26,103.18,-0.0169,1
1431000,Holdout,1086206.22,1086273.78,1086275.78,1086271.78,5.2e-05,5.9e-05,4.5e-05,-1.9e-05,-2e-05,2.264,105.36,-0.0193,1
1432000,Holdout,1086184.21,1086252.88,1086254.88,1086250.88,5e-05,5.7e-05,4.3e-05,-2e-05,-2.1e-05,2.267,105.82,-0.0128,1
1433000,Holdout,1086171.91,1086234.77,1086236.77,1086232.77,2.9e-05,3.6e-05,2.2e-05,-1.1e-05,-1.2e-05,2.316,103.35,-0.037,1
1434000,Holdout,1110335.32,1110408.46,1110410.46,1110406.46,6.4e-05,7.1e-05,5.7e-05,0.022246,0.022914,6.909,81.16,-0.0274,1
1435000,Holdout,1126501.81,1126573.11,1126575.11,1126571.11,7.8e-05,8.5e-05,7.1e-05,0.01456,0.014997,2.445,99.22,-0.0229,1
1436000,Holdout,1140887.85,1140952.07,1140954.07,1140950.07,2e-05,2.7e-05,1.3e-05,0.012771,0.013154,2.274,101.68,-0.032,1
1437000,Holdout,1153686.83,1153762.48,1153764.48,1153760.48,3.7e-05,4.4e-05,3e-05,0.011218,0.011555,2.217,104.07,-0.0431,1
1438000,Holdout,1164765.49,1164832.53,1164834.53,1164830.53,9e-05,9.7e-05,8.3e-05,0.009603,0.009891,2.168,106.59,-0.0353,1
1439000,Holdout,1174203.36,1174274.52,1174276.52,1174272.52,6e-05,6.7e-05,5.3e-05,0.008103,0.008346,2.179,103.66,-0.0312,1
1440000,Holdout,1181626.17,1181697.4,1181699.4,1181695.4,4.8e-05,5.5e-05,4.1e-05,0.006322,0.006511,2.413,103.29,-0.0161,1
1441000,Holdout,1187274.86,1187347.28,1187349.28,1187345.28,3.4e-05,4.1e-05,2.7e-05,0.00478,0.004924,2.195,103.7,-0.0149,1
1442000,Holdout,1187278.82,1187354.28,1187356.28,1187352.28,7.3e-05,8e-05,6.6e-05,3e-06,3e-06,2.363,103.26,-0.0041,1
1443000,Holdout,1187270.17,1187340.47,1187342.47,1187338.47,3.5e-05,4.2e-05,2.8e-05,-7e-06,-7e-06,2.42,104.55,-0.0353,1
1444000,Holdout,1187292.42,1187366.55,1187368.55,1187364.55,9.8e-05,0.000105,9.1e-05,1.9e-05,1.9e-05,2.111,102.91,-0.0349,1
1445000,Holdout,1187257.26,1187332.52,1187334.52,1187330.52,5.3e-05,6e-05,4.6e-05,-3e-05,-3e-05,2.294,106.84,-0.0313,1
1446000,Holdout,1187249.76,1187322.84,1187324.84,1187320.84,7.8e-05,8.5e-05,7.1e-05,-6e-06,-7e-06,2.189,102.36,-0.0117,1
1447000,Holdout,1187256.51,1187324.33,1187326.33,1187322.33,3.4e-05,4.1e-05,2.7e-05,6e-06,6e-06,2.354,103.92,-0.0306,1
1448000,Holdout,1213345.8,1213418.91,1213420.91,1213416.91,7.3e-05,8e-05,6.6e-05,0.021974,0.022634,6.849,79.58,-0.015,1
1449000,Holdout,1230805.87,1230880.49,1230882.49,1230878.49,3.4e-05,4.1e-05,2.7e-05,0.01439,0.014822,2.4,102.21,-0.009,1
1450000,Holdout,1246577.31,1246650.36,1246652.36,1246648.36,4.1e-05,4.8e-05,3.4e-05,0.012814,0.013198,2.363,102.51,-0.0127,1
1451000,Holdout,1260428.05,1260500.19,1260502.19,1260498.19,6.2e-05,6.9e-05,5.5e-05,0.011111,0.011444,2.197,104.2,-0.0012,1
1452000,Holdout,1272640.21,1272717.2,1272719.2,1272715.2,7.8e-05,8.5e-05,7.1e-05,0.009689,0.00998,2.149,102.17,-0.0046,1
1453000,Holdout,1282763.91,1282834.54,1282836.54,1282832.54,4.9e-05,5.6e-05,4.2e-05,0.007955,0.008194,2.182,102.59,-0.0035,1
1454000,Holdout,1291124.77,1291198.77,1291200.77,1291196.77,0.000108,0.000115,0.000101,0.006518,0.006713,2.23,103.24,0.0042,1
1455000,Holdout,1297355.29,1297429.87,1297431.87,1297427.87,0.0001,0.000107,9.3e-05,0.004826,0.00497,2.145,105.04,0.0104,1
1456000,Holdout,1297324.71,1297400.11,1297402.11,1297398.11,8.4e-05,9.1e-05,7.7e-05,-2.4e-05,-2.4e-05,2.139,103.83,-0.009,1
1457000,Holdout,1297300.22,1297376.27,1297378.27,1297374.27,4.9e-05,5.6e-05,4.2e-05,-1.9e-05,-1.9e-05,2.114,104.28,0.009,1
1458000,Holdout,1297291.05,1297366.28,1297368.28,1297364.28,3.6e-05,4.3e-05,2.9e-05,-7e-06,-7e-06,2.126,104.27,0.0303,1
1459000,Holdout,1297315.15,1297386.78,1297388.78,1297384.78,7.8e-05,8.5e-05,7.1e-05,1.9e-05,1.9e-05,2.13,106.88,0.0082,1
1460000,Holdout,1297341.0,1297412.55,1297414.55,1297410.55,0.0001,0.000107,9.3e-05,2e-05,2.1e-05,2.235,102.72,0.0185,1
1461000,Holdout,1297356.2,1297431.9,1297433.9,1297429.9,5.8e-05,6.5e-05,5.1e-05,1.2e-05,1.2e-05,2.186,105.49,0.0289,1
1462000,Holdout,1325646.32,1325717.22,1325719.22,1325715.22,6.5e-05,7.2e-05,5.8e-05,0.021806,0.02246,6.999,84.38,0.0389,1
1463000,Holdout,1344773.71,1344848.36,1344850.36,1344846.36,4.7e-05,5.4e-05,4e-05,0.014429,0.014862,2.299,100.53,0.0165,1
1464000,Holdout,1362031.67,1362104.74,1362106.74,1362102.74,7.5e-05,8.2e-05,6.8e-05,0.012833,0.013218,2.35,102.24,0.0397,1
1465000,Holdout,1377280.61,1377354.06,1377356.06,1377352.06,4.7e-05,5.4e-05,4e-05,0.011196,0.011532,2.19,105.79,0.026,1
1466000,Holdout,1390509.64,1390580.3,1390582.3,1390578.3,5.2e-05,5.9e-05,4.5e-05,0.009605,0.009893,2.066,106.79,0.0475,1
1467000,Holdout,1401708.45,1401785.38,1401787.38,1401783.38,5.9e-05,6.6e-05,5.2e-05,0.008054,0.008295,2.393,104.65,0.0381,1
1468000,Holdout,1410623.63,1410696.33,1410698.33,1410694.33,8e-05,8.7e-05,7.3e-05,0.00636,0.006551,2.136,107.75,0.0377,1
1469000,Holdout,1417432.77,1417502.04,1417504.04,1417500.04,7.2e-05,7.9e-05,6.5e-05,0.004827,0.004972,2.13,104.27,0.0249,1
1470000,Holdout,1417489.58,1417560.22,1417562.22,1417558.22,3.5e-05,4.2e-05,2.8e-05,4e-05,4.1e-05,2.081,105.19,0.0397,1
1471000,Holdout,1417501.38,1417574.11,1417576.11,1417572.11,5.2e-05,5.9e-05,4.5e-05,8e-06,9e-06,2.16,104.03,0.0243,1
1472000,Holdout,1417481.86,1417549.67,1417551.67,1417547.67,8.7e-05,9.4e-05,8e-05,-1.4e-05,-1.4e-05,2.184,106.89,0.0304,1
1473000,Holdout,1417498.38,1417564.49,1417566.49,1417562.49,8.4e-05,9.1e-05,7.7e-05,1.2e-05,1.2e-05,2.14,106.43,0.0322,1
1474000,Holdout,1417477.39,1417543.9,1417545.9,1417541.9,5.3e-05,6e-05,4.6e-05,-1.5e-05,-1.5e-05,2.168,106.58,0.0087,1
1475000,Holdout,1417456.53,1417524.7,1417526.7,1417522.7,6.1e-05,6.8e-05,5.4e-05,-1.5e-05,-1.5e-05,2.011,103.46,0.0124,1
1476000,Holdout,1448658.91,1448725.68,1448727.68,1448723.68,6.6e-05,7.3e-05,5.9e-05,0.022013,0.022673,6.928,81.18,0.0167,1
1477000,Holdout,1469668.06,1469736.45,1469738.45,1469734.45,5.8e-05,6.5e-05,5.1e-05,0.014502,0.014938,2.35,102.41,0.029,1
1478000,Holdout,1488542.85,1488611.17,1488613.17,1488609.17,8e-05,8.7e-05,7.3e-05,0.012843,0.013228,2.281,104.42,0.0056,1
1479000,Holdout,1505220.66,1505289.43,1505291.43,1505287.43,8.5e-05,9.2e-05,7.8e-05,0.011204,0.01154,2.033,107.22,0.0141,1
1480000,Holdout,1519472.56,1519544.25,1519546.25,1519542.25,0.000116,0.000123,0.000109,0.009468,0.009752,2.195,107.84,0.0057,1
1481000,Holdout,1531375.88,1531439.69,1531441.69,1531437.69,7.7e-05,8.4e-05,7e-05,0.007834,0.008069,2.068,104.32,0.0001,1
1482000,Holdout,1541270.95,1541335.51,1541337.51,1541333.51,6.4e-05,7.1e-05,5.7e-05,0.006462,0.006655,2.237,104.06,0.0074,1
1483000,Holdout,1548594.34,1548663.67,1548665.67,1548661.67,9.5e-05,0.000102,8.8e-05,0.004752,0.004894,2.177,107.01,-0.0207,1
1484000,Holdout,1548620.21,1548685.83,1548687.83,1548683.83,7.9e-05,8.6e-05,7.2e-05,1.7e-05,1.7e-05,2.14,106.33,-0.0066,1
1485000,Holdout,1548600.61,1548664.79,1548666.79,1548662.79,9.2e-05,9.9e-05,8.5e-05,-1.3e-05,-1.3e-05,2.137,107.28,-0.0148,1
1486000,Holdout,1548567.97,1548637.75,1548639.75,1548635.75,6.8e-05,7.5e-05,6.1e-05,-2.1e-05,-2.2e-05,2.152,104.53,0.002,1
1487000,Holdout,1548547.61,1548613.96,1548615.96,1548611.96,7.8e-05,8.5e-05,7.1e-05,-1.3e-05,-1.4e-05,2.041,105.94,-0.0016,1
1488000,Holdout,1548536.21,1548604.25,1548606.25,1548602.25,2.2e-05,2.9e-05,1.5e-05,-7e-06,-8e-06,2.128,104.9,-0.0338,1
1489000,Holdout,1548561.33,1548627.43,1548629.43,1548625.43,7.4e-05,8.1e-05,6.7e-05,1.6e-05,1.7e-05,2.105,102.42,-0.0402,1
1490000,Holdout,1582852.93,1582914.45,1582916.45,1582912.45,6.2e-05,6.9e-05,5.5e-05,0.022144,0.022808,6.833,85.32,-0.0198,1
1491000,Holdout,1605557.82,1605627.78,1605629.78,1605625.78,6.3e-05,7e-05,5.6e-05,0.014344,0.014775,2.365,100.28,-0.0181,1
1492000,Holdout,1626043.75,1626107.8,1626109.8,1626105.8,7.4e-05,8.1e-05,6.7e-05,0.012759,0.013142,2.311,101.48,-0.026,1
1493000,Holdout,1644160.65,1644228.75,1644230.75,1644226.75,8.8e-05,9.5e-05,8.1e-05,0.011142,0.011476,2.149,104.26,-0.032,1
1494000,Holdout,1660035.06,1660106.73,1660108.73,1660104.73,9.8e-05,0.000105,9.1e-05,0.009655,0.009945,2.237,109.45,-0.0284,1
1495000,Holdout,1673395.79,1673464.05,1673466.05,1673462.05,6e-05,6.7e-05,5.3e-05,0.008048,0.00829,2.129,103.95,-0.0272,1
1496000,Holdout,1684076.38,1684143.23,1684145.23,1684141.23,0.000102,0.000109,9.5e-05,0.006383,0.006574,2.239,104.36,-0.0429,1
1497000,Holdout,1692351.13,1692419.6,1692421.6,1692417.6,4.9e-05,5.6e-05,4.2e-05,0.004914,0.005061,2.15,104.74,-0.0251,1
1498000,Holdout,1692374.24,1692441.52,1692443.52,1692439.52,9.3e-05,0.0001,8.6e-05,1.4e-05,1.4e-05,2.186,103.37,-0.0366,1
1499000,Holdout,1692374.72,1692441.27,1692443.27,1692439.27,4.4e-05,5.1e-05,3.7e-05,0.0,0.0,2.154,104.36,-0.0355,1
1500000,Holdout,1692368.45,1692436.4,1692438.4,1692434.4,6e-05,6.7e-05,5.3e-05,-4e-06,-4e-06,2.061,103.65,-0.0213,1
1501000,Holdout,1692411.29,1692480.07,1692482.07,1692478.07,5.2e-05,5.9e-05,4.5e-05,2.5e-05,2.6e-05,2.178,104.45,-0.0262,1
1502000,Holdout,1692424.98,1692489.64,1692491.64,1692487.64,8.3e-05,9e-05,7.6e-05,8e-06,8e-06,2.235,105.2,-0.0355,1
1503000,Holdout,1692416.22,1692476.55,1692478.55,1692474.55,7e-05,7.7e-05,6.3e-05,-5e-06,-5e-06,2.165,102.34,-0.0211,1
1504000,Holdout,1729635.18,1729696.78,1729698.78,1729694.78,8.6e-05,9.3e-05,7.9e-05,0.021992,0.022651,6.862,82.01,-0.0354,1
1505000,Holdout,1754547.11,1754613.83,1754615.83,1754611.83,8.8e-05,9.5e-05,8.1e-05,0.014403,0.014835,2.365,100.51,-0.0352,1
1506000,Holdout,1776746.13,1776812.28,1776814.28,1776810.28,8.2e-05,8.9e-05,7.5e-05,0.012652,0.013032,2.31,101.76,-0.0166,1
1507000,Holdout,1796474.23,1796541.35,1796543.35,1796539.35,8.6e-05,9.3e-05,7.9e-05,0.011103,0.011437,2.249,106.37,-0.0176,1
1508000,Holdout,1813707.18,1813776.28,1813778.28,1813774.28,8.1e-05,8.8e-05,7.4e-05,0.009593,0.00988,2.186,101.16,-0.0119,1
1509000,Holdout,1828022.1,1828086.05,1828088.05,1828084.05,6.6e-05,7.3e-05,5.9e-05,0.007893,0.008129,2.145,104.31,0.0053,1
1510000,Holdout,1839556.21,1839624.06,1839626.06,1839622.06,4.4e-05,5.1e-05,3.7e-05,0.00631,0.006499,2.191,103.98,0.0119,1
1511000,Holdout,1848254.91,1848326.29,1848328.29,1848324.29,5.1e-05,5.8e-05,4.4e-05,0.004729,0.004871,2.133,104.41,0.0259,1
